id,categoria,codigo,nombre,minimo,alicuota_num
1,1,513410,Venta al por mayor de aparatos fotográficos e instrumentos de óptica,705,7
2,1,513532,Venta al por mayor de artículos de bazar y menaje,705,7
3,1,513910,Venta al por mayor de artículos de limpieza y saneamiento,705,7
4,1,513320,"Venta al por mayor de artículos de tocador, jabones, perfumes, cosméticos",705,8.4
5,1,513940,Venta al por mayor de artículos para deportes y camping,705,7
6,1,513992,Venta al por mayor de artículos para kiosco y para salones de venta,705,7
7,1,513930,Venta al por mayor de bicicletas y rodados similares,705,8.4
8,1,513999.4,Venta al por mayor de cámaras y cubiertas,705,7
9,1,515150,"Venta al por mayor de descartables de uso médico, paramédico, odontológico y ortopédico",705,7
10,1,513551.2,"Venta al por mayor de discos, cassettes, DVD, videojuegos. Disquerías",955,8.4
11,1,513552,"Venta al por mayor de equipos y aparatos de radio, televisión, comunicaciones y sus componentes",705,7
12,1,513551.1,Venta al por mayor de instrumentos musicales,705,7
13,1,513420,"Venta al por mayor  de joyas, relojes y artículos conexos",1570,15.8
14,1,513920,Venta al por mayor de juguetes y artículos de cotillón,705,7
15,1,513999.3,"Venta al por mayor de máquinas, equipos y aparatos de uso doméstico (incluidos los eléctricos)",705,8.4
16,1,515420,Venta al por mayor de muebles y accesorios excepto los metálicos,705,7
17,1,513950,"Venta al por mayor de papeles para pared, revestimiento para pisos de goma, plástico y textiles, y artículos similares para la decoración",705,7
18,1,513999.6,Venta al por mayor de Pirotecnia,1140,8.4
19,1,513999.5,Venta al por mayor de productos n.c.p.,705,7
20,1,513999.2,Venta al por mayor de tarjetas de telefonía,705,7
21,1,513999.1,Venta al por mayor de tarjetas de transporte,705,7
22,2,513918,Venta al por mayor de chatarra,705,7
23,2,513916,"Venta al por mayor de hierros, aceros, metales no ferrosos y subproductos, excepto chatarra",705,7
24,2,513917,Venta al por mayor de muebles de metal y sus accesorios,705,7
25,3,513381,"Combustibles derivados del Petróleo y Gas natural Comprimido, en Estaciones de Servicios y otras actividades reguladas por la Ordenanza Nº 9.748/97 y sus modificatorias, localizadas en las zonas determinadas por el artículo 10° de dicha ordenanza",1255,5
26,3,514199.2,Distribución y venta al por mayor de carbón y sus derivados,455,7
27,3,514990,Distribución y venta al por mayor de petróleo y sus derivados (excepto combustibles),455,4
28,3,514932,Distribución y venta al por mayor de productos de caucho,455,7
29,3,514110.2,"Fraccionamiento, distribución y venta al por mayor de aditivos y lubricantes",455,4
30,3,514191,Fraccionamiento y distribuidores al por mayor de gas licuado (incluye envasado de garrafas),455,4
31,3,514931,Venta al por mayor de abonos y plaguicidas,455,7
32,3,514933,Venta al por mayor de artículos de plástico,455,7
33,3,514934,Venta al por mayor de Bolsas y/o productos de Polietileno,455,7
34,3,514199.1,"Venta al por mayor de combustibles y lubricantes, excepto para automotores y gas en garrafas",455,4
35,3,514110.1,Venta al por mayor de combustibles y lubricantes para automotores,455,4
36,3,513310.1,Venta al por mayor de productos farmacéuticos y veterinarios,955,7
37,3,515160,Venta al por mayor de sustancias químicas industriales y materias primas para la elaboración de plásticos,455,4
38,3,513310.2,Venta por mayor de productos farmacéuticos y veterinarios (medicamentos),1255,7.6
39,4,523610,"Venta al por menor de aberturas (puertas, ventanas, armazones)",455,7
40,4,523630,Venta al por menor de artículos de ferretería. Ferretería,455,7
41,4,523670,Venta al por menor de artículos de revestimiento y decoración,455,7
42,4,523690.2,Venta al por menor de materiales de construcción,455,7
43,4,523640,"Venta al por menor de pinturas, barnices, lacas, esmaltes y artículos de pinturería",455,7
44,4,523690.1,Venta al por menor de sanitarios,455,7
45,4,523660,"Venta al por menor de vidrios, cristales, espejos, mamparas y cerramientos (incluye su colocación). Vidrierías",455,7
46,5,513212,Distribución por mayor de diarios y revistas,455,7
47,5,513223,Venta al por mayor de artículos de librería y papelería,455,7
48,5,513221,Venta al por mayor de papel y productos de papel y cartón,455,7
49,5,513211.1,Venta al por mayor de textos nuevos,455,7
50,5,513211.2,Venta al por mayor de textos usados,455,7
51,6,513149,Venta al por mayor de artículos de marroquinería,705,7
52,6,513122,"Venta al por mayor de artículos de mercería, medias y artículos de punto",705,7
53,6,513115,"Venta al por mayor de artículos de tapicería, tapices y alfombras",705,7
54,6,513130,Venta al por mayor de calzados (incluye zapatos y zapatillas),705,7
55,6,513111,"Venta al por mayor de fibras, hilados e hilos",705,7
56,6,513114,Venta al por mayor de mantelería y ropa de cama,705,7
57,6,513141,Venta al por mayor de pieles y cueros,955,8.4
58,6,513121,Venta al por mayor de prendas de vestir de cuero (excepto calzado),955,8.4
59,6,513129,Venta al por mayor de prendas de vestir (excepto de cuero y calzado),705,7
60,6,513112,Venta al por mayor de tejidos,705,7
61,6,513123,Venta de pañales por mayor,705,7
62,7,512299.2,Distribución y venta al por mayor de alimentos y suplementos dietarios.,455,7
63,7,512250,Distribución y venta al por mayor de pan y productos de panificación,455,7
64,7,512279,Distribución y venta al por mayor de productos y subproductos de molinería,455,7
65,7,512299.1,"Fraccionamiento, distribución y venta al por mayor de encurtidos",455,7
66,7,512299.5,"Fraccionamiento, distribución y venta por mayor de productos alimentarios n.c.p.",455,7
67,7,512271,Fraccionamiento y venta al por mayor de azúcar,455,7
68,7,512212.2,Queserías. Venta al por mayor de quesos,455,7
69,7,512272,"Venta al por mayor de aceites y grasas comestibles, vinagres",455,7
70,7,512229,Venta al por mayor de aves y huevos,455,7
71,7,512273,"Venta al por mayor de café, té y yerba mate (incluye Fraccionamiento, y venta al por mayor de sal), (Fraccionamiento, y venta al por mayor de té y especias)",455,7
72,7,512260,"Venta al por mayor de chocolate y sus preparados, caramelos y otros derivados del azúcar",455,7
73,7,512212.1,"Venta al por mayor de fiambres, embutidos y chacinados",455,7
74,7,512240,"Venta al por mayor de frutas, hortalizas y verduras en el Mercado de Abasto",5110,7
75,7,512121,"Venta al por mayor de lanas, cueros y frutos del país",455,7
76,7,512291,Venta al por mayor de legumbres y cereales,455,7
77,7,512129,"Venta al por mayor de materias primas pecuarias, incluye animales vivos",455,7
78,7,512230,Venta al por mayor de pescados y productos marinos,575,7
79,7,512211,Venta al por mayor de productos lácteos (excepto quesos),455,7
80,7,512299.3,"Venta, distribución y fraccionamiento al por mayor de productos dietéticos.",455,7
81,7,512111,Venta por mayor de cereales,455,7
82,7,512292,Venta por mayor de productos para animales incluidos medicamentos y mascotas,455,7
83,7,512112,Venta por mayor de semillas,455,7
84,7,512221,Venta y abastecimiento de carne y derivados,455,7
85,7,512299.4,Venta y distribución al por mayor de otros productos y subproductos ganaderos y agrícolas,455,7
86,8,512330,Expendio de bebidas alcohólicas: entre las 24 Hs. y las 07 del día siguiente.,11260,10.5
87,8,512319,"Fraccionamiento, distribución y venta por mayor de alcoholes",455,7
88,8,512312,Venta al por mayor de bebidas alcohólicas y energizantes,455,7.9
89,8,512320,"Venta al por mayor de bebidas no alcohólicas, aguas, gaseosas",575,7
90,8,512400,Venta al por mayor de tabacos y cigarrillos,1390,26.3
91,8,512311,Venta al por mayor de vinos sin fraccionamiento,455,7
92,9,501210.2,Venta al por mayor de automotores nuevos y  usados,9025,7
93,9,501110.2,Venta al por mayor de motocicletas nuevas y usadas,1140,10.5
94,10,511919.1,Venta al por mayor en comisión o consignación de alimentos y bebidas no alcohólicas,705,19
95,10,511919.2,Venta al por mayor en comisión o consignación de bebidas alcohólicas,705,19
96,10,511940.1,"Venta al por mayor en comisión o consignación de energía eléctrica, gas y combustibles",1140,17.4
97,10,511990.5,"Venta al por mayor en comisión o consignación de frutas, hortalizas y verduras en el Mercado de Abasto",1225,17.4
98,10,511990.4,Venta al por mayor en comisión o consignación de mercaderías n.c.p.,455,19
99,10,511990.1,Venta al por mayor en comisión o consignación de productos medicinales,455,20.8
100,10,511919.3,Venta al por mayor en comisión o consignación de tabaco,705,19
101,10,511990.7,Venta al por mayor  por contrato de concesión n.c.p.,2920,43
102,10,511990.3,Venta de automotores nuevos por comisiones o consignaciones. Incluye planes de ahorro,1140,19
103,10,511990.6,Venta de automotores usados por comisiones o consignaciones. Incluye planes de ahorro,1140,19
104,10,511120,"Venta por cuenta y orden de terceros que se ejerza percibiendo comisiones, bonificaciones, porcentajes y/u otras retribuciones análogas – Excepto concesión de vehículos.",705,17.4
105,11,523952.1,Activación de líneas teléfonos celulares,955,15.8
106,11,523999.2,Artesanos. Venta al por menor de artesanías,575,7
107,11,524990,Artículos usados o reacondicionados,575,8.4
108,11,523960.1,Carbón y leña,575,7
109,11,523960,Combustibles derivados del petróleo y Gas Natural Comprimido,1140,7
110,11,523963,"Combustibles derivados del petróleo y Gas Natural Comprimido, en estaciones de servicio y otras actividades reguladas por la Ordenanza Nº 9.748/97 y sus modificatorias como localizadas en zonas determinadas por el artículo 10° de dicha ordenanza",1140,7.4
111,11,523590,Compra y venta de artículos del hogar y muebles,575,7
112,11,523720.2,Compra y venta de oro,2260,15.8
113,11,525000,Desarmaderos de autos y venta al por menor de sus partes. Repuestos y accesorios usados,575,7
114,11,525900.1,Pirotecnia por menor,955,8.4
115,11,523966,Recarga y venta al por menor de garrafas y combustibles sólidos y líquidos,575,7
116,11,523965,Recarga y venta al por menor de gas carbónico p/matafuegos y gasificadores,575,7
117,11,525901,Sex shop (conforme a la tipificación que fije el DEM),955,8.4
118,11,503100.2,"Venta al por mayor de repuestos y accesorios para vehículos automotores, incluido equipos de G.N.C.",705,7
119,11,523999.9,Venta al por menor de alarmas y otros artículos de seguridad,575,7
120,11,524910,"Venta al por menor de antigüedades, objetos de arte, cuadros, marcos, filatelia y numismática",575,10.5
121,11,523710.1,"Venta al por menor de aparatos fotográficos, artículos de fotografía",575,8.4
122,11,523560.3,"Venta al por menor de aparatos para videojuegos; cassettes, DVD; reproductores; videograbadoras y similares",575,7
123,11,523530,Venta al por menor de aparatos y artefactos eléctricos para la iluminación,575,7
124,11,523942,Venta al por menor de armas y artículos de cuchillería. Armería. Cuchillería. Venta al por menor de artículos de caza y pesca,575,8.4
125,11,523540,Venta al por menor de artículos de bazar y menaje,575,7
126,11,524000,Venta al por menor de artículos de camping,575,7
127,11,523510,Venta al por menor de artículos de caña y mimbre. Venta de muebles. Mueblería,575,7
128,11,523930.2,Venta al por menor de artículos de cotillón,575,7
129,11,523550,Venta al por menor de artículos del hogar,575,7.4
130,11,523830,"Venta al por menor de artículos de librería, papelería y para oficina",575,7
131,11,523620,Venta al por menor de artículos de madera n.c.p.,575,7
132,11,523710.2,Venta al por menor de artículos de óptica y ortopedia,575,7
133,11,523120,Venta al por menor de artículos de perfumería y cosmética,575,7.9
134,11,523999.6,Venta al por menor de artículos de plástico,575,7
135,11,523999.13,Venta al por menor de artículos de santería,575,7
136,11,523952,Venta al por menor de artículos de telefonía - celulares y sus accesorios,575,7
137,11,523999.11,"Venta al por menor de artículos electrónicos, sus repuestos y accesorios (excepto del hogar)",575,7
138,11,525900,Venta al por menor de artículos n.c.p.,575,7.4
139,11,523999.7,Venta al por menor de artículos para publicidad,575,7
140,11,523999.3,Venta al por menor de artículos para regalos. Regalería,575,7
141,11,523920,"Venta al por menor de artículos, productos y insumos de limpieza",575,7
142,11,523999.4,Venta al por menor de artículos regionales,575,7
143,11,525900.2,Venta al por menor de artículos varios. Polirubros,705,7.4
144,11,523999.5,"Venta al por menor de bicicletas y rodados infantiles, sus repuestos y accesorios",575,7
145,11,523999.14,Venta al por menor de bolsas y/o productos de polietileno,575,7
146,11,503210,Venta al por menor de cámaras y cubiertas.,575,7
147,11,523520,"Venta al por menor de colchones, almohadas y accesorios",575,7
148,11,523820,Venta al por menor de diarios y revistas,575,7
149,11,523560.2,"Venta al por menor de discos, cassettes, DVD, DVC, videos juegos y similares. Disquerías",575,7
150,11,523993,"Venta al por menor de equipo profesional, científico e instrumentos de medida y de control",575,7
151,11,523911,Venta al por menor de flores y plantas naturales y artificiales,575,7
152,11,523913,Venta al por menor de forrajes,575,7
153,11,523110.2,Venta al por menor de herboristería,575,7
154,11,523999.1,Venta al por menor de herrajes en general,575,7
155,11,523560.1,Venta al por menor de instrumentos musicales,575,7
156,11,523999.1,Venta al por menor de insumos médicos,575,7
157,11,523720.1,"Venta al por menor de joyas, relojes y artículos conexos",1140,15.8
158,11,523930.1,Venta al por menor de juguetes. Jugueterías,575,7
159,11,523999.12,Venta al por menor de lanchas y embarcaciones deportivas,575,7
160,11,505000,Venta al por menor de lubricantes líquidos y sólidos,575,7
161,11,523950,"Venta al por menor de máquinas de oficina, computadoras, cálculo, sus componentes y repuestos",575,7.4
162,11,523992.2,"Venta al por menor de máquinas n.c.p. y motores, incluidos sus repuestos",575,7.4
163,11,523992.1,"Venta al por menor de motores, maquinarias, equipos y aparatos industriales (incluidos los eléctricos)",575,7
164,11,523330.1,Venta al por menor de pañales,575,7
165,11,523831,Venta al por menor de papel y productos de papel y cartón,575,7
166,11,523914,Venta al por menor de plaguicidas,575,7
167,11,523991,Venta al por menor de productos de caucho n.c.p.,575,7
168,11,503100.1,"Venta al por menor de repuestos y accesorios para vehículos automotores, incluido equipos de G.N.C.",705,7
169,11,523912,"Venta al por menor de semillas, abonos, fertilizantes y otros productos de vivero",575,7
170,11,525040,Venta al por menor de sustancias químicas industriales,575,7
171,11,523999.8,Venta al por menor de tarjetas de transporte o recargas virtuales de pasajeros y de telefonía,575,7
172,11,523810,Venta al por menor de textos nuevos,575,7
173,11,524200,Venta al por menor de textos usados,575,8.4
174,11,523110.1,Venta al por menor en farmacias de productos medicinales,575,7
175,11,525903,Venta al por menor por contrato de concesión n.c.p.,5840,43
176,11,523560.4,"Venta al por menor y colocación de equipos de audio; de radiollamado, alarmas; cierre centralizado; levanta cristales para automotores",575,7
177,11,525900.3,Venta ambulante de productos no alimenticios,575,7
178,11,523720,"Venta de artículos de fantasías, bijouterie, platería, alhajas y orfebrería",575,10.5
179,11,511940.2,Venta de combustibles al por menor (por comisiones),1140,17.4
180,11,523961,Venta de GNC,1140,7
181,11,525902,Venta de materiales de rezago y chatarra,575,9.3
182,11,930410,"Venta por cuenta y orden de terceros que se ejerza percibiendo comisiones, bonificaciones, porcentajes y/u otras retribuciones análogas – Excepto concesión de vehículos.",188,30
183,11,523950.1,Venta por menor de Insumos de computación,575,7
184,11,523971,Venta por menor de medicamentos para animales y mascotas,575,7
185,11,523970,Venta por menor de productos para animales excluidos medicamentos y mascotas,575,7
186,12,501210.5,Venta por menor de automotores nuevos por contrato de concesión,5840,43
187,12,501210.4,Venta por menor de automotores  nuevos y  usadas en consignación,1140,21
188,12,504010,Venta por menor de motocicletas nuevas y usadas,1140,12.6
189,12,501210.3,Venta por menor de  motocicletas nuevas y usadas en consignación,1140,21
190,12,501110.1,Venta por menor de vehículos automotores nuevos,6010,7
191,12,501210.1,Venta por menor de vehículos automotores usados,2260,7
192,13,522120.3,Almacén de comestibles,455,7
193,13,522210.1,Carnicería. Venta al por menor de carnes y sus preparados y derivados (excepto envasada y congelada),455,7
194,13,522520,Expendio de bebidas alcohólicas: Entre las 24 hs. y las 09 hs. del día siguiente,52775,31.5
195,13,522112.2,Fiambrería. Venta al por menor de fiambres,455,7
196,13,521110,Hipermercado,166590,15.8
197,13,521190.1,"Kioscos instalados dentro del perímetro señalado en el código 633120.1, shoppings y grandes centros comerciales",705,7
198,13,521190.2,Kioscos instalados fuera del perímetro señalado en el código 633120.2.,455,7
199,13,521130,Minimercado,1140,7
200,13,522910,Pescadería,575,7
201,13,522220,Pollería. Venta al por menor de aves evisceradas y huevos,455,7
202,13,521120.2,Supermercado con una superficie total de 301 m2 hasta 600 m2,6910,8.4
203,13,521120.3,Supermercado con una superficie total de 601 m2 hasta 2.000 m2,7515,8.4
204,13,521120.1,Supermercado con una superficie total hasta 300 m2,6010,7
205,13,521120.4,Supermercado una superficie total superior a 2.001 m2,9020,8.4
206,13,522120.2,Venta al por menor de alimentos y suplementos dietarios.,360,7
207,13,522500.1,"Venta al por menor de bebidas no alcohólicas, gaseosas y jugos",455,7
208,13,522420,"Venta al por menor de bombones y golosinas. Caramelería, galletitería",455,8.4
209,13,522999.4,"Venta al por menor de café, te, yerba mate y especias",455,7
210,13,522210.2,Venta al por menor de carne envasada y congelada,455,7
211,13,522111,Venta al por menor de leche y productos lácteos,455,7
212,13,522300,"Venta al por menor de legumbres, frutas, cereales secos y en conservas",455,7
213,13,522999.2,Venta al por menor de masas y demás productos de pastelerías. Confiterías,455,7
214,13,522410,Venta al por menor de panificadoras y panaderías,455,7
215,13,522999.3,Venta al por menor de pastas frescas,455,7
216,13,522999.1,Venta al por menor de productos de repostería,455,7
217,13,522120.1,Venta al por menor de productos dietéticos.,360,7
218,13,522430,"Venta al por menor de productos varios realizada en puestos, debidamente autorizados n.c.p.",87.5,7
219,13,522112.1,Venta al por menor de quesos,455,7
220,13,522500.2,Venta al por menor de vinos y otras bebidas alcohólicas y bebidas energizantes. V|inotecas. Vinerías,455,7
221,13,522999.5,"Venta de choripán, hamburguesas y panchos",455,7
222,13,522120.4,Venta de helados envasados,575,7
223,13,522191,Verdulería y Frutería,455,7
224,14,523310,Venta al por menor de artículos de lencería,455,7
225,14,523210.2,Venta al por menor de artículos de mercería,455,7
226,14,523420,Venta al por menor de calzado. Zapaterías y zapatillerías,455,7
227,14,523490,Venta al por menor de carteras y demás artículos de marroquinería,455,7
228,14,523941,Venta al por menor de indumentaria deportiva y sus accesorios,455,7
229,14,523210.1,"Venta al por menor de lanas, hilos y artículos afines",455,7
230,14,523380,Venta al por menor de pieles naturales y sintéticas. Peletería,575,8.4
231,14,523391,Venta al por menor de prendas de vestir de cuero y sucedáneos,575,8.4
232,14,523399.2,"Venta al por menor de prendas de vestir, excepto las de cuero",455,7
233,14,523399.1,Venta al por menor de productos y artículos confeccionados con materiales textiles n.c.p.,455,7
234,14,523330,Venta al por menor de ropa y accesorios para bebés y niños,455,7
235,14,523290,Venta al por menor de tapices y alfombras,455,7
236,14,523210.3,Venta al por menor de tejidos de punto,455,7
237,14,523360,Venta al por menor de telas. Tiendas,455,7
238,15,924910.4,"Bingo, quini-6 u otros similares",955,29
239,15,924910.7,"Emisión u organización de rifas, bonos, cupones, billetes o similares",955,63
240,15,924910.3,Lotería,955,29
241,15,924910.6,Lotería instantánea,955,29
242,15,924910.5,Otros juegos de azar,955,29
243,15,924910.2,Prode,955,12
244,15,924910.1,Quiniela,955,29
245,15,522991,Venta al por menor de tabacos y cigarrillos,705,19.8
246,15,523000,Venta de viaje/s por recarga de tarjeta/s de colectivo al por menor. Por la comisión,455,7
247,16,514310,"Venta al por mayor de aberturas (puertas, ventanas, armazones)",705,7
248,16,513531,Venta al por mayor de artículos de cristal y vidrio,705,7
249,16,514391,"Venta al por mayor de artículos de plomería, electricidad, iluminación, calefacción, obras sanitarias y similares",705,7
250,16,514399.2,Venta al por mayor de artículos para la construcción n.c.p.,705,7
251,16,514392,"Venta al por mayor de artículos y objetos de barro, loza y porcelana",705,7
252,16,514399.1,"Venta al por mayor de ladrillos, cemento, cal, arena, piedra, mármol y similares",705,7
253,16,514320,"Venta al por mayor de madera y productos de madera, excepto muebles",705,7
254,16,514340,"Venta al por mayor de pinturas, barnices, lacas y esmaltes",705,7
255,16,514350,Venta al por mayor de vidrios planos y templados,705,7
256,16,514330,Venta al por mayor en ferreterías,705,7
257,17,515921,"Venta al por mayor de equipo informático y máquinas de oficina, cálculo y contabilidad",705,7
258,17,515110,"Venta al por mayor de equipos e implementos de uso en los sectores agropecuario, jardinería, silvicultura, pesca y caza",705,7
259,18,153131,Elaboración de alimentos de cereales,895,7
260,18,154999.2,"Elaboración de concentrados: café, te",895,7
261,18,154912,Elaboración de especies,895,7
262,18,154991,"Elaboración de extractos, jarabes y concentrados",895,7
263,18,154999.5,"Elaboración de productos alimenticios n.c.p. (Incluye la elaboración de polvos para preparar postres y gelatinas, levadura, productos para copetín, sal de mesa, mayonesa, mostaza)",895,7
264,18,154999.4,Elaboración de productos dietéticos.,895,7
265,18,154920,Elaboración de té,895,7
266,18,154992,Elaboración de vinagre,895,7
267,18,154930,Elaboración y molienda de yerba mate (incluye concentrados),895,7
268,18,154999.6,Fábrica de milanesas y hamburguesas,895,7
269,18,154999.7,Fábrica de Sándwiches,895,7
270,18,154999.3,"Procesadores de papas (peladero, lavadero, incluyendo elaboración de puré, harina y escamas)",895,7
271,18,154999.1,Refinación y molienda de sal,895,7
272,18,154911,"Tostado, torrado y molienda de café",895,7
273,19,192010.1,"Fabricación de calzado de cuero, incluyendo el ortopédico",705,7
274,19,192010.2,"Fabricación de calzado de tela y otros materiales (excluido de caucho vulcanizado o moldeado, de madera o de plásticos)",705,7
275,19,192030,Fabricación de partes o accesorios del calzado,450,7
276,19,192010.3,"Fabricación y comercialización al por mayor de calzados, con planta industrial fuera del ejido municipal",875,7
277,20,352000,Construcción de maquinaria y equipo ferroviario (incluye locomotoras y material rodante),705,7
278,20,351100,Construcción de motores y piezas para navíos,705,7
279,20,351200,"Construcción y reparación de embarcaciones, incluye buques, yates, veleros, botes,  Astilleros",705,7
280,20,353000,"Fabricación de aeronaves, planeadores y similares, sus componentes, repuestos y accesorios",895,4
281,20,359900.1,Fabricación de material de transporte no clasificado en otra parte,705,7
282,20,359100,"Fabricación de motocicletas, vehículos similares y sus partes, incluyendo el motor",705,10.5
283,20,341000.1,"Fabricación de motores para automóviles, camiones y otros vehículos para transporte de carga y pasajeros (excluidos motos y similares)",705,7
284,20,342000.1,Fabricación de remolques y semirremolques,705,7
285,20,343000,"Fabricación de repuestos, piezas y accesorios para vehículos automotores",705,7
286,20,359200,Fabricación y armado de bicicletas y rodados similares,705,7
287,20,342000.2,"Fabricación y armado de carrocerías para automóviles, camiones y otros vehículos para transporte de carga y pasajeros (incluye casas rodantes)",705,7
288,20,341000.2,Fabricación y armado de vehículos automotores,705,7
289,20,359900.3,"Fabricación y comercialización al por mayor de equipos de transporte, con planta industrial fuera del ejido municipal",875,7
290,20,359900.2,Fabricación y reparación de grúas y equipamiento de transporte mecánico,705,7
291,20,343001,Rectificación de motores,705,7
292,21,361010.2,Fabricación de accesorios para muebles,455,7
293,21,361010.1,"Fabricación de muebles, sus partes y accesorios, excepto metálicos y plásticos",455,7
294,21,361010.3,"Fabricación y comercialización al por mayor de muebles, con planta industrial fuera del ejido municipal",875,7
295,22,269110,"Fabricación de artefactos sanitarios de barro, loza, porcelana y cerámica",705,7
296,22,269193,"Fabricación de objetos de barro, loza, porcelana y cerámica n.c.p. (excepto refractarios, ladrillos y revestimientos para pisos y paredes)",455,7
297,22,269192,"Fabricación de objetos de barro, loza, porcelana y cerámica para uso doméstico (excepto artefactos sanitarios)",385,7
298,22,269191,"Fabricación de objetos de barro, loza, porcelana y cerámica para uso industrial y de laboratorio",705,7
299,22,269194,"Fabricación y comercialización al por mayor de objetos de barro, loza, porcelana y cerámica, con planta industrial fuera del ejido municipal",875,7
300,23,269421,Elaboración de yeso,705,7
301,23,269591,Fabricación de artículos de cemento y fibrocemento (excepto ladrillos),705,7
302,23,269422,Fabricación de cal,705,7
303,23,269410,Fabricación de cemento,705,7
304,23,269301,Fabricación de ladrillos y bloques,705,7
305,23,269200,Fabricación de material refractario,705,7
306,23,269510,"Fabricación de mosaicos, baldosas, revestimientos de paredes y pisos (excluidos los cerámicos y plásticos)",705,7
307,23,269592,Fabricación de premoldeados para la construcción (incluye viviendas premoldeadas),705,7
308,23,269309,Fabricación de productos de arcilla y cerámica no refractaria para uso estructural,705,7
309,23,269600,"Fabricación de productos de piedra, mármol y granito (incluye corte y tallado)",705,7
310,23,269990,Fabricación de productos minerales no metálicos n.c.p.,705,7
311,23,269302,Fabricación de revestimientos cerámicos para pisos y paredes,705,7
312,23,269991,"Fabricación y comercialización al por mayor de otros productos minerales no metálicos, con planta industrial fuera del ejido municipal",875,7
313,24,210990.1,Fabricación de artículos de papel y cartón n.c.p.,705,7
314,24,210990.2,"Fabricación de artículos de pulpa, papel y cartón no clasificados en otra parte",705,7
315,24,210202,Fabricación de envases de cartón,705,7
316,24,210201,Fabricación de envases de papel,705,7
317,24,210102,Fabricación de papel y cartón,705,7
318,24,210101,Fabricación de pulpa de madera,705,7
319,24,210990.3,"Fabricación y comercialización al por mayor de productos de papel, con planta industrial fuera del ejido municipal",875,7
320,24,210991,"Taller de enrollado, bobinado y enfardado de papel",705,7
321,25,181191,Confección de impermeables y pilotos,705,7
322,25,181202,Confección de prenda de vestir de cuero y sucedáneos,895,8.4
323,25,182001,Confección de prendas de vestir de piel y sucedáneos,895,8.4
324,25,181199,"Confección de prendas de vestir (excepto las de piel, de cuero y sucedáneos, pilotos e impermeables). Incluye ropa interior, prendas de dormir y playa, indumentaria de trabajo, uniformes, guardapolvos, ropa de bebé y niño.",705,7
325,25,181201,Fabricación de accesorios de vestir de cuero,705,7
326,25,181192,Fabricación de accesorios de vestir excepto de cuero,705,7
327,25,182002,"Fabricación y comercialización al por mayor de prendas de vestir, con planta industrial fuera del ejido municipal",875,7
328,26,153120,"Descascaramiento, pulido, limpieza y molienda de arroz",895,7
329,26,152090.3,"Elaboración artesanal de alimentos sin local de atención, sin empleados",385,7
330,26,152090.1,Elaboración artesanal de helados,895,7
331,26,151410,Elaboración de aceites y grasas vegetales y subproductos,895,7
332,26,151203,Elaboración de aceites y harinas de pescado y otros animales marinos,895,7
333,26,153300,Elaboración de alimentos preparados para animales,895,7
334,26,153200,Elaboración de almidones y productos derivados del almidón. (Incluye la elaboración de glucosa y gluten),895,7
335,26,154301,"Elaboración de cacao, chocolate, bombones y otros productos similares a base de cacao",895,7
336,26,154309,"Elaboración de caramelos, golosinas y otros productos de confiterías n.c.p.",895,7
337,26,151340,"Elaboración de frutas, hortalizas y legumbres congeladas",895,7
338,26,154410,Elaboración de pastas frescas,895,7
339,26,151201,"Elaboración de pescados de mar, crustáceos y otros productos marinos envasado y conservación",895,7
340,26,151202,"Elaboración de pescados de río, lagunas y otros productos pluviales y lacustres. Envasado y conservación",895,7
341,26,154199,"Elaboración de productos de panadería n.c.p. (Incluye la elaboración de churros, prepizzas, masas fritas, de hojaldre, en establecimientos de hasta 10 ocupados)",895,7
342,26,151390.2,"Elaboración, envasado y conservación de frutas, legumbres y hortalizas n.c.p. (Incluye la elaboración de sémola de hortalizas y legumbres)",895,7
343,26,151310,"Elaboración, envasado y conservación de frutas y legumbres",895,7
344,26,151320,"Elaboración, envasado y conservación de jugos de frutas naturales o artificiales",895,7
345,26,152010,"Elaboración, pasteurización y homogeneización de leche (incluida la condensada y en polvo)",895,7
346,26,151390.3,"Elaboración, precortado y envasado de hortalizas y/o frutas frescas.",895,7
347,26,154430,"Elaboración y comercialización al por mayor de alimentos, con planta industrial fuera del ejido municipal",895,7
348,26,151390.1,"Elaboración y envasado de conservas, caldos concentrados y otros alimentos deshidratados",895,7
349,26,151330,"Elaboración y envasado de dulces, mermeladas y jaleas",895,7
350,26,154110,Fabricación de galletitas y bizcochos y otros productos secos de panaderías,895,7
351,26,154191,Fabricación de masas y demás productos de pastelería (confiterías),895,7
352,26,154120,Fabricación de pan y productos de panificación. Panificadoras,895,7
353,26,154420,Fabricación de pastas secas,895,7
354,26,152090.2,"Fabricación de productos lácteos no clasificados en otra parte. (Incluye cremas, yogures, mantecas)",895,7
355,26,152020,Fabricación de quesos,895,7
356,26,154200.2,Fabricación y refinación de azúcar no clasificada en otra parte,895,7
357,26,151130,"Fábrica de chacinados. Elaboración de fiambres, embutidos y preparados a base de carne",895,7
358,26,152030,Fábrica industrial de helados,895,7
359,26,151112,"Frigoríficos, matanza de ganado, preparación y conservación de sus carnes",895,7
360,26,154120.1,Horneado de pan,450,7
361,26,151111,Matanza de ganado,895,7
362,26,151120,"Matanza, preparación, elaboración y conservación de carnes de aves",895,7
363,26,151199,"Matanza, preparación y conservación de animales de la caza",895,7
364,26,153139,"Molienda de cereales (excepto trigo), legumbres, otras preparaciones y moliendas n.c.p.",895,7
365,26,153110,Molienda de trigo,895,7
366,26,154200.1,Refinación y fraccionamiento de azúcar,895,7
367,26,151113,Salado y pelado de cueros. Saladeros y peladeros de cuero,895,7
368,27,192020,Fabricación de calzado de caucho,705,7
369,27,251110,Fabricación de cámaras y cubiertas,705,7
370,27,251909.1,Fabricación de juegos y juguetes de caucho,455,7
371,27,251901,Fabricación de productos de caucho destinados a la industria automotor (excepto cámaras y cubiertas),455,7
372,27,251909.2,Fabricación de productos de caucho n.c.p.,705,7
373,27,251909.3,"Fabricación y comercialización al por mayor de productos de caucho, con planta industrial fuera del ejido municipal",875,7
374,27,251120,Recauchutaje y vulcanización de cubiertas,455,7
375,28,232000,Fabricación de productos diversos derivados del petróleo y del carbón excepto la refinación de petróleo,895,7
376,28,232001,"Fabricación y comercialización al por mayor de productos de diversos derivados de petróleo, con planta industrial fuera del ejido municipal",875,7
377,29,289992,Fabricación de cajas de seguridad,705,7
378,29,281300,Fabricación de calderas y generadores de apor,705,7
379,29,289309,"Fabricación de cerraduras, llaves, herrajes y otros artículos de ferretería incluyendo clavos y bulones",705,7
380,29,289302,"Fabricación de cuchillería, vajilla, utensilios y baterías de cocina",705,7
381,29,289910,"Fabricación de envases metálicos, incluyendo bronce, latón, aluminio, hojalata",705,7
382,29,281102,Fabricación de estructuras metálicas para la construcción,455,7
383,29,289301,"Fabricación de herramientas manuales y sus accesorios (para uso general, plomería, albañilería, , incluyendo las de campo y jardín)",705,7
384,29,281101,Fabricación de productos de carpintería metálica,455,7
385,29,289993,Fabricación de productos metálicos de Tornería y Matricería,705,7
386,29,289999,Fabricación de productos metálicos n.c.p.,705,7
387,29,281200,Fabricación de tanques y depósitos metálicos,705,7
388,29,289991,Fabricación de tejidos de alambre,705,7
389,29,289999.1,"Fabricación y comercialización al por mayor de productos metálicos, con planta industrial fuera del ejido municipal",875,7
390,29,289100,"Galvanoplastia, esmaltado , y otros procesos similares en metales, incluyendo pulvimetalurgia, incluye estampado, prensado, forjado y laminado de metales",705,7
391,29,281109,Montajes industriales,705,7
392,30,252010,Fabricación de envases de plástico,705,7
393,30,252090.1,"Fabricación de juguetes, juegos y calzados plásticos",455,7
394,30,252090.2,"Fabricación de mosaicos, baldosas, revestimientos de paredes y pisos, de productos plásticos",705,7
395,30,361020,"Fabricación de muebles de plástico, sus partes y accesorios",705,7
396,30,252090.3,Fabricación de productos plásticos n.c.p.,705,7
397,30,252090.4,"Fabricación y comercialización al por mayor de productos de plástico, con planta industrial fuera del ejido municipal",875,7
398,30,241309.1,Fábrica de bolsas de polietileno,455,7
399,31,242320,"Elaboración de productos medicinales para animales (incluye vacunas, sueros y similares de uso veterinario)",705,7
400,31,242903,"Fabricación de colas, adhesivos, aprestos y cemento (excepto los odontológicos) obtenidos de sustancias minerales y vegetales",705,7
401,31,242902,"Fabricación de explosivos, municiones y productos de pirotecnia",1390,9.5
402,31,242412,Fabricación de jabones y detergentes,705,7
403,31,242310,"Fabricación de medicamentos para uso humano, productos farmacéuticos y medicinales (excepto productos veterinarios).",705,7
404,31,242490,"Fabricación de perfumes, cosméticos y otros productos de higiene y tocador",705,7
405,31,242200,"Fabricación de pinturas, barnices, lacas, esmaltes y productos similares y conexos (excepto tintas)",705,7
406,31,242100,Fabricación de plaguicidas (incluye los biológicos),705,7
407,31,242411,"Fabricación de preparados para la limpieza, pulido y saneamiento",705,7
408,31,242909,Fabricación de productos químicos n.c.p. (Incluye aceites esenciales),705,7
409,31,242901,Fabricación de tintas y negro de humo (incluye tintas de imprenta),705,7
410,32,241200,Fabricación de abonos y fertilizantes (incluye los biológicos),705,7
411,32,243000,Fabricación de fibras artificiales no clasificados en otra parte excepto vidrio,705,7
412,32,241110.1,"Fabricación de gases comprimidos y licuados, excepto los de uso doméstico",895,7
413,32,241110.2,Fabricación de gases comprimidos y licuados para uso doméstico,895,7
414,32,241130,Fabricación de hielo seco,450,7
415,32,241309,Fabricación de materiales plásticos,705,7
416,32,241180,Fabricación de materias químicas inorgánicas básicas n.c.p.,705,7
417,32,241190,"Fabricación de materias químicas orgánicas básicas n.c.p. (Incluye la fabricación de alcoholes excepto el etílico, sustancias químicas para elaboración de sustancias plásticas, )",705,7
418,32,241301,Fabricación de resinas y cauchos sintéticos,705,7
419,32,241120,Fabricación de tanino y curtientes naturales o sintéticos,705,7
420,32,244000,"Fabricación y comercialización al por mayor de sustancias químicas, con planta industrial fuera del ejido municipal",875,7
421,33,171200.2,"Acabado de textiles (incluye blanqueo, teñido y estampado)",705,7
422,33,173091,Costurera con superficie menor a 100 m2,320,7
423,33,172109,Fabricación de artículos confeccionados con materiales textiles. n.c.p. (excepto prendas de vestir),705,7
424,33,172103,Fabricación de artículos de lona y sucedáneos de lona,705,7
425,33,172104,Fabricación de bolsas de materiales textiles para productos a granel,705,7
426,33,172900,Fabricación de cortinas. Cortinerías,705,7
427,33,172101,"Fabricación de frazadas, mantas, colchas, cobertores, etc.",705,7
428,33,173010,Fabricación de medias,705,7
429,33,172102,Fabricación de ropa para cama y mantelería,705,7
430,33,172300,"Fabricación de sogas, cables, cordeles y artículos conexos de cáñamo, sisal, lino y otras fibras naturales",705,7
431,33,172200,Fabricación de tapices y alfombras,705,7
432,33,173090,Fabricación de tejidos y artículos de punto,705,7
433,33,173093,"Fabricación y comercialización al por mayor de artículos textiles, con planta industrial fuera del ejido municipal",875,7
434,33,173092.1,Fábrica de estropajos,705,7
435,33,173092,Fábrica de textiles en general,705,7
436,33,171132,Hilados de algodón. Hilandería de algodón y sus mezclas,705,7
437,33,171131,Hilados de lana. Hilandería de lana y sus mezclas,705,7
438,33,171139,Hilandería de fibras textiles (excepto algodón y lana),705,7
439,33,171120,Lavado y limpieza de lana. Lavadero,705,7
440,33,171121,Lavandería y Tintorería industrial,705,7
441,33,171111,Preparación de fibras de algodón (incluye desmotado),705,7
442,33,171112,Preparación de fibras textiles vegetales excepto algodón,705,7
443,33,171142,Tejido de algodón. Tejeduría de algodón,705,7
444,33,171143,Tejido de fibras sintéticas y seda (excluido fabricación de medias. Tejeduría),705,7
445,33,171149,Tejido de fibras textiles no clasificados en otra parte,705,7
446,33,171141,Tejido de lana. Tejeduría de lana,705,7
447,33,173090.1,"Tejidos artesanales sin local de atención, sin empleados",320,7
448,33,171200.1,"Terminado artesanal de textiles y calzados sin local de atención, sin empleados",320,7
449,34,261099,Fabricación de artículos de vidrio y cristal excepto espejos y vitrales,705,7
450,34,261091,Fabricación de espejos y vitrales,705,7
451,34,261020,Fabricación de vidrios planos y templados,705,7
452,34,261099.1,"Fabricación y comercialización al por mayor de vidrios y productos de vidrio, con planta industrial fuera del ejido municipal",875,7
453,35,332001,Fabricación de aparatos y accesorios para fotografía,705,7
454,35,332003,Fabricación de instrumentos de óptica,705,7
455,35,332002,Fabricación de lentes y artículos oftálmicos,455,7
456,35,333000,Fabricación y armado de relojes (incluye Fabricación de piezas y cajas para relojes y mecanismos similares),705,7
457,35,334000,"Fabricación y comercialización al por mayor de equipos, con planta industrial fuera del ejido municipal",875,7
458,35,331200,"Fabricación y reparación de equipo profesional y científico, e instrumentos de medida y control no clasificados en otra parte",455,7
459,35,331100,"Fabricación y reparación e instrumentos y aparatos de cirugía, medicina, odontología, ortopedia, sus partes y accesorios",455,7
460,36,293095,"Fabricación de artefactos para iluminación metálicos, excepto los eléctricos",705,7
461,36,291400,"Fabricación de hornos, hogares, estufas y calefactores industriales (excluidos los eléctricos)",705,7
462,36,291200.2,"Fabricación de válvulas, grifos y accesorios de cañerías",705,7
463,36,293096,"Fabricación y comercialización al por mayor de maquinaria, con planta industrial fuera del ejido municipal",875,7
464,36,291900.4,Fabricación y reparación de accesorios de máquinas y equipos n.c.p. (excepto los eléctricos),705,7
465,36,292700,Fabricación y reparación de armas (excepto municiones),705,8.4
466,36,291500,"Fabricación y reparación de ascensores, escaleras mecánicas, montacargas",705,7
467,36,292909.1,"Fabricación y reparación de básculas, balanzas y dinamómetros, excepto los científicos para uso de laboratorio",705,7
468,36,291200.1,"Fabricación y reparación de bombas, compresores y maquinaria o equipos similares",705,7
469,36,293010,"Fabricación y reparación de cocinas, calefones, estufas y calefactores de uso doméstico, no eléctricos",705,7
470,36,292190,Fabricación y reparación de maquinaria agropecuaria y forestal (excepto tractores),705,7
471,36,292500,"Fabricación y reparación de maquinaria para la elaboración y envases de productos alimenticios, bebidas y tabaco",705,7
472,36,292400.2,Fabricación y reparación de maquinaria y equipo para la construcción,705,7
473,36,292901,Fabricación y reparación de maquinaria y equipo para la industria del papel y las artes gráficas,705,7
474,36,292400.1,"Fabricación y reparación de maquinaria y equipo para la industria minera, petrolera y canteras",705,7
475,36,292600,"Fabricación y reparación de maquinaria y equipo para la industria textil, prendas de vestir y cuero",705,7
476,36,292909.2,Fabricación y reparación de maquinaria y equipo para trabajar la madera,705,7
477,36,292300,"Fabricación y reparación de maquinaria y equipo para trabajar los metales, incluyendo máquinas herramienta y máquinas para metalurgia",705,7
478,36,291900.2,Fabricación y reparación de maquinaria y equipo para uso vial,705,7
479,36,291900.1,Fabricación y reparación de maquinaria y equipos para la industria en general n.c.p.,705,7
480,36,292909.3,Fabricación y reparación de máquinas y equipos de refrigeración,705,7
481,36,291900.3,Fabricación y reparación de máquinas y equipos n.c.p. (excepto la maquinaria eléctrica),705,7
482,36,291100,"Fabricación y reparación de motores y turbinas, incluyendo máquinas de vapor (excepto de motocicletas, automotores y naves)",705,7
483,36,292110,Fabricación y reparación de tractores,705,7
484,37,314000,Fabricación de acumuladores y pilas eléctricas,705,7
485,37,293099.2,Fabricación de aparatos y accesorios eléctricos de uso doméstico no clasificados en otra parte,705,7
486,37,293099.1,Fabricación de aparatos y suministros eléctricos no clasificados en otra parte (incluye accesorios eléctricos),705,7
487,37,315000,Fabricación de artefactos eléctricos para la iluminación,705,7
488,37,319000.1,"Fabricación de bobinas, arranques, bujías y otros equipos y aparatos eléctricos para motores de combustión interna",705,7
489,37,312000.2,Fabricación de conductores eléctricos,705,7
490,37,293093,"Fabricación de enceradoras, pulidoras, batidoras, licuadoras y otros aparatos semejantes",705,7
491,37,319000.2,Fabricación de equipos y aparatos de comunicaciones,705,7
492,37,293020,"Fabricación de heladeras, freezers, lavarropas y secarropas",705,7
493,37,321000,Fabricación de lámparas y tubos eléctricos,705,7
494,37,323000.3,Fabricación de piezas y suministros utilizados especialmente para aparatos de radio y televisión,705,7
495,37,293094,"Fabricación de planchas, calefactores, hornos eléctricos, microondas y otros aparatos generadores de calor",705,7
496,37,323000.1,"Fabricación de receptores de radio, televisión, grabación y reproducción de imagen gravadas y sonido",705,7
497,37,322000,Fabricación de Transmisores de Radio y Televisión y aparatos de telefonía y telegrafía con hilos,705,7
498,37,293092.1,"Fabricación de ventiladores y extractores de aire, aspiradoras y otros aparatos semejantes",705,7
499,37,323000.4,"Fabricación y comercialización al por mayor de maquinarias eléctricas, con planta industrial fuera del ejido municipal",875,7
500,37,323000.2,Fabricación y grabación de discos y cintas magnetofónicas,705,7
501,37,293092.2,Fabricación y reparación de acondicionadores de aire,455,7
502,37,293099.4,Fabricación y reparación de equipos de computación.,705,7
503,37,312000.1,Fabricación y reparación de equipos de distribución y transmisión de electricidad,455,7
504,37,300000,"Fabricación y reparación de maquinaria de oficina, cálculo, contabilidad, máquinas de escribir, cajas registradoras,",455,7
505,37,293091,Fabricación y reparación de máquinas de coser y tejer,455,7
506,37,293099.3,Fabricación y reparación de máquinas y aparatos industriales eléctricos no clasificados en otra parte,705,7
507,37,311000,"Fabricación y reparación de motores eléctricos, transformadores y generadores",455,7
508,38,221100,Edición de libros y publicaciones. Editoriales con talleres propios,320,7
509,38,221900.2,Edición n.c.p.,320,7
510,38,221200,"Editorial de diarios, periódicos y revistas",320,7
511,38,221900.1,Editoriales sin imprenta,320,7
512,38,222101,Impresión de diarios y revistas,320,7
513,38,222109,Impresión y encuadernación (excepto diarios y revistas),320,7
514,38,222200,"Servicios relacionados con la imprenta (electrotipia, composición de tipo, grabado)",320,7
515,39,201000,Aserraderos. Preparación y conservación de maderas (excepto las terciadas y conglomeradas),705,7
516,39,202901,"Fabricación de artículos de cestería, caña y mimbre",320,7
517,39,202903,Fabricación de artículos de madera en tornerías,455,7
518,39,202902,Fabricación de ataúdes,705,7
519,39,202300,"Fabricación de envases, recipientes y embalajes de madera (barriles, tambores, caja)",705,7
520,39,202100,"Fabricación de maderas terciadas, enchapadas o conglomeradas, tableros o paneles",705,7
521,39,202904,Fabricación de productos de corcho,455,7
522,39,202909,"Fabricación de productos de madera, de corcho, caña y mimbre no clasificados en otra parte",455,7
523,39,202201,"Fabricación de puertas, ventanas y estructuras de madera para la construcción. Carpintería de obras",705,7
524,39,202202,Fabricación de viviendas prefabricadas de madera,705,7
525,39,202910,"Fabricación y comercialización al por mayor de productos de madera, corcho, caña y mimbre, con planta industrial fuera del ejido municipal",875,7
526,40,182009.2,Confección de artículos de piel (excluidas las prendas de vestir),1140,8.4
527,40,191100,"Curtido, acabado, repujado, charolado y terminado del cuero. Curtiembres y talleres de acabado",705,8.4
528,40,191200,"Fabricación de productos de cuero y sucedáneos de cuero (excepto calzado y prendas vestir). Incluye maletas, bolsos de mano y similares, artículos de talabartería y de cuero n.c.p.",895,8.4
529,40,191300,"Fabricación y comercialización al por mayor de productos de cuero, con planta industrial fuera del ejido municipal",875,8.4
530,40,182009.1,"Preparación, decoloración y teñido de pieles",705,8.4
531,41,160092,"Elaboración y comercialización al por mayor de cigarrillos, con planta industrial fuera del ejido municipal",1825,12.6
532,41,160091,Fabricación de cigarrillos,1825,12.6
533,41,160099,Fabricación de otros productos de tabaco,1825,12.6
534,42,271009,"Fabricación en industrias básicas de productos de hierro y acero n.c.p. (Incluye alambre, cañerías, tuberías, )en general",705,7
535,42,271010,"Fabricación y comercialización al por mayor de productos de hierro y acero, con planta industrial fuera del ejido municipal",875,7
536,42,271001,"Fundición en hornos y acerías. Producción de lingotes, planchas o barras",705,7
537,42,271002,"Laminación y estirado. Laminadoras. Cortes, doblado y plegado de chapas /o aceros",705,7
538,43,272010,Elaboración de aluminio primario y semielaborados de aluminio,705,7
539,43,273300,"Fabricación y comercialización al por mayor de metales no ferrosos y metales preciosos, con planta industrial fuera del ejido municipal",875,7
540,43,273100,Fundición de hierro y acero,705,7
541,43,273200,Fundición de metales no ferrosos,705,7
542,43,272090,Producción de metales no ferrosos n.c.p. y sus semielaborados,705,7
543,44,155120.1,Destilación de alcoholes excepto el etílico,895,7
544,44,155110,Destilación de alcohol etílico,895,8.4
545,44,155120.2,"Destilación, rectificación y mezcla de bebidas alcohólicas (incluye whisky, coñac, ron)",895,8.4
546,44,155499,Elaboración de bebidas n.c.p.,895,8.4
547,44,155420,"Elaboración de bebidas no alcohólicas (incluye bebidas refrescantes, gaseosas, excepto jugos o jarabes para diluir)",895,9.5
548,44,155490.2,Elaboración de jugos envasados para diluir,895,8.4
549,44,155300,"Elaboración de malta, cerveza y bebidas malteadas",895,9.5
550,44,155290,Elaboración de sidras y bebidas fermentadas excepto las malteadas,895,8.4
551,44,155412,Elaboración de soda,450,8.4
552,44,155210,Elaboración de vinos,895,8.4
553,44,155500,"Elaboración y comercialización al por mayor de bebidas, con planta industrial fuera del ejido municipal",895,8.4
554,44,155411,Embotellamiento de aguas naturales y minerales,895,8.4
555,44,155490.1,Fabricación de hielo natural y jugos envasados para diluir,895,8.4
556,45,373000,Desarrollo de software,455,8.4
557,45,151191,Elaboración de aceites y grasas animales no comestibles,705,7
558,45,369999.2,Fabricación de artículos no clasificados en otra parte,705,7
559,45,369920,"Fabricación de cepillos, pinceles y escobas",575,7
560,45,361030,"Fabricación de colchones, sommiers, almohadones y almohadas",705,7
561,45,369300,"Fabricación de equipos y aparatos para deporte, atletismo y camping",455,7
562,45,369999.1,Fabricación de equipos y artículos para gastronomía,705,7
563,45,369991,Fabricación de fósforos,705,7
564,45,369200,Fabricación de instrumentos de música,455,7
565,45,369101,Fabricación de joyas y artículos conexos,705,8.4
566,45,369400,Fabricación de juegos y juguetes (excepto los de caucho y plástico),705,7
567,45,369910,"Fabricación de lápices, lapiceras, bolígrafos, plumas estilográficas y artículos similares para oficina",705,7
568,45,369102,Fabricación de objetos de platería y enchapados,455,8.4
569,45,369992,Fabricación de paraguas,705,7
570,45,374000,Fabricación y armado de letreros y anuncios publicitarios,705,7
571,45,375000,"Fabricación y comercialización al por mayor de otras manufacturas, con planta industrial fuera del ejido municipal",875,7
572,45,371000,Reciclamiento de desperdicios y desechos metálicos,455,7
573,45,372000,Reciclamiento de desperdicios y desechos no metálicos,455,7
574,46,11411,Cultivo de algodón,705,7
575,46,11111,"Cultivo de arroz, trigo, maíz, soja y cereales forrajeros,  oleaginosas, semillas",705,7
576,46,11229,"Cultivo de bulbos, brotes, raíces y hortalizas de frutos n.c.p. (incluye ají, ajo, alcaparra, berenjena, cebolla, calabaza, espárrago, frutilla, melón, pepino, pimiento, sandía, zanahoria, zapallo, zapallito)",705,7
577,46,11421,Cultivo de caña de azúcar,705,7
578,46,11460,"Cultivo de especias (de hoja, de semilla, de flor y de fruto) y de plantas aromáticas y medicinales.",705,7
579,46,11251,Cultivo de flores,705,7
580,46,11330,"Cultivo de frutas cítricas. (Incluye bergamota, lima, limón, mandarina, naranja, pomelo, kinoto)",705,7
581,46,11320,"Cultivo de frutas de carozo. (Incluye cereza, ciruela, damasco, durazno, melón)",705,7
582,46,11319,"Cultivo de frutas de pepita n.c.p. (Incluye membrillo, níspero)",705,7
583,46,11390,"Cultivo de frutas n.c.p. (Incluye ananá, banana, higo, kiwi, mamón, palta, uva de mesa)",705,7
584,46,11230,"Cultivo de hortalizas de hoja y de otras hortalizas frescas (incluye acelga, apio, cebolla de verdeo, choclo, coles, espinaca, lechuga, perejil, radicheta, repollo)",705,7
585,46,11241,"Cultivo de legumbres frescas (incluye arveja, chaucha, haba, lupino, poroto)",705,7
586,46,11242,"Cultivo de legumbres secas. (Incluye arveja, garbanzo, haba, lenteja, poroto)",705,7
587,46,11311,Cultivo de manzana y pera,705,7
588,46,11340,"Cultivo de nueces y frutas secas. (Incluye almendra, avellana, castaña, nuez, pistacho)",705,7
589,46,11210,"Cultivo de papa, batata y mandioca",705,7
590,46,11252,Cultivo de plantas ornamentales,705,7
591,46,11419,"Cultivo de plantas para la obtención de fibras n.c.p. (Incluye abacá, cáñamo, formio, lino textil, maíz de Guinea, ramio, yute)",705,7
592,46,11429,Cultivo de plantas sacaríferas n.c.p. (Incluye remolacha azucarera),705,7
593,46,11450,Cultivo de tabaco,705,7
594,46,11440,"Cultivo de té, yerba mate y otras plantas cuyas hojas se utilizan p/preparar bebidas (infusiones)",705,7
595,46,11221,Cultivo de tomate,705,7
596,46,11430,Cultivo de vid para vinificar,705,7
597,46,11490,"Cultivos industriales n.c.p. (Incluye olivo para conserva, palmitos)",705,7
598,46,11530,Cultivos n.c.p.,705,7
599,46,11520,"Producción de otras formas de propagación de cultivos agrícolas. (Incluye gajos, bulbos, estacas enraizadas o no, esquejes, plantines)",705,7
600,46,11519,Producción de semillas de cultivos agrícolas n.c.p.,705,7
601,46,11513,"Producción de semillas de hortalizas y legumbres, flores y plantas ornamentales y árboles frutales",705,7
602,46,11511,Producción de semillas híbridas de cereales y oleaginosas,705,7
603,46,11512,"Producción de semillas varietales o autofecundadas de cereales, oleaginosas y forrajeras",705,7
604,47,12230,"Apicultura (Incluye la producción de miel, jalea real, polen, propóleo).",705,7
605,47,12242,Cría de animales para la obtención de pelos,705,7
606,47,12241,Cría de animales para la obtención de pieles y cueros,705,7
607,47,12243,Cría de animales para la obtención de plumas,705,7
608,47,12290,"Cría de animales y obtención de productos de origen animal, n.c.p. (Incluye ciervo, conejo -excepto para pelos-, gato, gusano de seda, lombriz, pájaro, perro, rana, animales para experimentación, caracoles vivos, frescos, congelados y secos -excepto marino-, cera de insectos excepto la de abeja)",705,7
609,47,12211,Cría de aves para producción de carne,705,7
610,47,12212,Cría de aves para producción de huevos,705,7
611,47,12111,"Cría de ganado (incluye ovino, bovino, equino, caprino)",705,7
612,47,12220,Producción de huevos,705,7
613,48,142900,"Explotación de minas y canteras n.c.p. (Incluye amianto, baritina, cuarzo, diatomita, piedra pómez, ágata, agua marina, amatista, cristal de roca, rodocrosita, topacio, corindón, feldespato, mica, zeolita, perlita, granulado volcánico, puzolana, toba, talco, vermiculita, tosca, grafito)",895,7
614,48,142110,"Extracción de minerales para la fabricación de abonos excepto turba. (Incluye guano, silvita, silvinita y otras sales de potasio naturales)",895,7
615,48,142120,"Extracción de minerales para la fabricación de productos químicos. (Incluye azufre, boracita e hidroboracita, calcita, celestina, colemanita, fluorita, litio y sales de litio naturales, sulfato de aluminio, sulfato de hierro, sulfato de magnesio, sulfato de sodio, ocres, tinkal, ulexita, asfaltita, laterita)",895,7
616,48,142200,Extracción de sal en salinas y de roca,895,7
617,49,112000,"Actividades de servicios relacionadas con la extracción de petróleo y gas, excepto las actividades de prospección",895,7
618,49,111000,"Extracción de petróleo crudo y gas natural (Incluye gas natural licuado y gaseoso, arenas alquitraníferas, esquistos bituminosos o lutitas, aceites de petróleo y de minerales bituminosos, petróleo, coque de petróleo)",895,7
619,49,101000,"Extracción y aglomeración de carbón (Incluye la producción de hulla no aglomerada, antracita, carbón bituminoso no aglomerado, briquetas, ovoides y combustibles sólidos análogos a base de hulla)",895,7
620,50,131000,"Extracción de minerales de hierro. (Incluye hematitas, limonitas, magnetitas, siderita)",895,7
621,50,132000,"Extracción de minerales metalíferos no ferrosos, excepto minerales de uranio y torio. (Incluye aluminio, cobre, estaño, manganeso, níquel, oro, plata, plomo, volframio, antimonio, bismuto, cinc, molibdeno, titanio, circonio, niobio, tántalo, vanadio, cromo, cobalto)",895,7
622,50,120000,Extracción de minerales y concentrados de uranio y torio,895,7
623,51,141400,"Extracción de arcilla y caolín. (Incluye andalucita, arcillas, bentonita, caolín, pirofilita, silimanita, mulita, tierra de chamota o de dinas)",895,7
624,51,141300,"Extracción de arenas, canto rodado y triturados pétreos. (Incluye arena para construcción, arena silícea, otras arenas naturales, canto rodado, dolomita triturada, granito triturado, piedra partida y otros triturados pétreos)",895,7
625,51,141200,"Extracción de piedra caliza y yeso. (Incluye caliza, castina, conchilla, riolita, yeso natural, anhidrita)",895,7
626,51,141100,"Extracción de rocas ornamentales. (Incluye areniscas, cuarcita, dolomita, granito, mármol, piedra laja, pizarra, pórfido, serpentina)",895,7
627,51,20130.1,Extracción de tierra,705,7
628,52,14210,Inseminación artificial y servicios n.c.p. para mejorar la reproducción de los animales y el rendimiento de sus productos,705,7
629,52,14190,Servicios agropecuarios no clasificados en otra parte,705,7
630,52,14220,"Servicios contratistas de mano de obra pecuaria (incluye arreo, castración de aves, esquila de ovejas, recolección de estiércol)",705,7
631,53,20310,Servicios forestales,895,7
632,53,20130,Viveros,385,7
633,54,642020.5,Cabinas telefónicas.,955,11.6
634,54,642099.2,Comunicaciones no clasificadas en otra parte. El mínimo expresado es mensual por abonado o conectado.,13.5,15.1
635,54,642020.1,"Comunicaciones por correo, telégrafo y télex",1140,10
636,54,642010.1,Comunicaciones por radio excepto radiodifusión y televisión (radioaficionados),1140,10
637,54,642020.2,"Comunicaciones telefónicas. El mínimo expresado corresponde a cada abonado. (Cuando exista dos o más empresas que presten servicios diversos al mismo abonado, el mínimo mensual se asignará en forma completa al prestador “abono básico”).",13.5,25
638,54,642020.4,Comunicaciones telefónicas larga distancia no incluidos en código 642020.2. El mínimo expresado es mensual por cliente activo.,5.1,21.7
639,54,642099.1,Correo electrónico - Provisión de Servicios de internet. El mínimo expresado es mensual por abonado o conectado.,6.1,15.1
640,54,602091.2,Emisora y productora de televisión abierta,4510,7
641,54,602091.1,Emisora y productora de televisión por cable,2260,7
642,54,642021,Estafeta postal,1140,10
643,54,642070,Servicios complementarios de antena comunitaria de TV y circuito cerrado comunitario de TV - como la televisión satelital y por cable - regulados por Ley Nº 22285. El mínimo expresado es por abonado.,6.1,27.5
644,54,642010.2,"Servicios de radiodifusión y servicios complementarios de radiodifusión, excepto “los servicios complementarios de antena comunitaria de TV y circuito cerrado comunitario de TV” regulado por la Ley",2260,7
645,54,642099,"Servicios de transmisión de sonido, imágenes, datos u otra información",1140,11.4
646,54,642020.3,Telefonía celular. El mínimo expresado es mensual por línea abonado. En el caso de líneas corporativas se debe contabilizar a estos efectos a cada una de las líneas que integran el grupo.,10.5,25
647,55,455000,Alquiler de equipo de construcción o demolición,705,7.6
648,55,454100,"Colocación de carpintería y herrería de obra, vidrios y cerramientos",705,7.6
649,55,452530,Colocación de cubiertas asfálticas y techos,705,7.6
650,55,454200.3,Colocación de pisos y revestimientos n.c.p. (incluye plastificado de pisos),705,7.6
651,55,454200.2,"Colocación y pulido de pisos y revestimientos de mosaicos, mármol, cerámicos y similares",705,7.6
652,55,452900.1,Construcciones n.c.p.,705,7.6
653,55,452390,"Construcción o reparación de calles, puentes, aeropuertos, centrales hidroeléctricas y/u obras pesadas similares",705,7.6
654,55,452100,"Construcción, reforma y reparación de edificios (incluye viviendas unifamiliares y multifamiliares; bungalows, cabañas, casas de campo, departamento, albergues para ancianos, estudiantes, niños)",705,7.6
655,55,452510.2,Desagotes de pozos negros y/o cámaras sépticas.,575,7.6
656,55,452510.3,Desobstrucción de cañerías.,575,7.6
657,55,453190,Ejecución y mantenimiento de instalaciones eléctricas n.c.p.,705,7.6
658,55,451100,Excavación y Demolición de edificios y sus partes,705,7.6
659,55,452520,"Hormigonado, hincado de pilotes, cimentación y otros trabajos de hormigón armado",705,7.6
660,55,453110,"Instalación de ascensores, montacargas, escaleras mecánicas,",705,7.6
661,55,453300,"Instalación de gas, agua, sanitarios y equipos de climatización, con sus artefactos conexos",705,7.6
662,55,453900,"Instalaciones para edificios y obras de ingeniería civil n.c.p. (incluye aislamiento término, acústico, antivibratorio, )",705,7.6
663,55,451900,"Movimiento de suelos y preparación de terrenos para obras n.c.p. (Incluye el drenaje, remoción de rocas, excavación de zanjas para servicios públicos, alcantarillado urbano y para construcciones diversas, movimientos de tierras para hacer terraplenes o desmontes previos a la construcción de vías, autopistas, FF.CC.)",705,7.6
664,55,452900,Obras de ingeniería civil n.c.p.,455,7.6
665,55,452510.1,Perforación de pozo negro,455,7.6
666,55,452510,Perforación de pozos de agua,705,7.6
667,55,451200,"Perforación y sondeo (excepto perforación de pozos de petróleo, de gas, de minas e hidráulicos y prospección de yacimientos de petróleo).",1140,7.6
668,55,454400,"Pintura, empapelado y trabajos de decoración",705,7.6
669,55,454200.1,Revoque y enyesado de paredes y cielorrasos,705,7.6
670,55,454900,"Terminación de edificios y obras de ingeniería civil n.c.p. (Incluye trabajos de ornamentación, limpieza exterior de edificios con vapor, chorro de arena u otros métodos)",705,7.6
671,56,632000.4,"Depósitos , almacenamiento y venta  de  Pirotecnia, pólvora, armamento, explosivos",1390,9.3
672,56,632000.3,Depósitos y almacenamientos de alimentos no refrigerados,1140,7
673,56,632000.2,Depósitos y almacenamientos de alimentos refrigerados,1140,7
674,56,632000.1,"Depósitos y almacenamientos en general, excepto alimentos",1140,7.6
675,57,410020,"Captación, purificación y distribución de agua",705,7
676,58,401300,Distribución de energía eléctrica. El mínimo expresado es por cada 10.000 kW.,185,0
677,58,401130,Generación de energía hidráulica. (Incluye la producción de energía eléctrica mediante centrales de bombeo). El mínimo expresado es por cada 10.000 kW.,112,0
678,58,401190,"Generación de energía n.c.p. (Incluye la producción de energía eléctrica mediante fuentes de energía solar, biomasa, eólica, geotérmica, mareomotriz). El mínimo expresado es por cada 10.000 kW.",112,0
679,58,401110,"Generación de energía térmica convencional. (Incluye la producción de energía eléctrica mediante máquinas turbo-gas, turbo vapor, ciclo combinado y turbo diesel). El mínimo expresado es por cada 10.000 kW.",112,0
680,58,401120,Generación de energía térmica nuclear. (Incluye la producción de energía eléctrica mediante combustible nuclear). El mínimo expresado es por cada 10.000 kW.,112,0
681,58,402009,Producción y distribución de gases no clasificados en otra parte,1140,7
682,58,402001,Producción y distribución de gas natural,1140,7
683,58,403000,Suministro de vapor y agua caliente,1140,7
684,58,401200,Transporte y peaje de energía eléctrica. El mínimo expresado es por cada 10.000 kW.,50,0
685,59,652130,Bancos. El mínimo expresado es por cada cuenta corriente y caja de ahorro (excluidas cuentas sueldo).,6.1,27.8
686,59,652201,Compañías de Ahorro para fines determinados. El mínimo expresado es por persona que desarrolle actividad inherente al giro del establecimiento.,500,15.1
687,59,652202.1,"Compañías Financieras, Caja de Créditos, Sociedades de Crédito para consumo comprendidas en la Ley de Entidades Financieras y autorizadas por el Banco Central de la República Argentina. El mínimo expresado es por persona que desarrolle actividad inherente al giro del establecimiento.",635,16.4
688,59,671910,Compra y Venta de títulos y Casas de Cambio. El mínimo expresado es por empleado.,635,44
689,59,659920,Empresas o personas dedicadas a la negociación de órdenes y tarjetas de compras y créditos (Artículo 274 del C.T.M.). El mínimo expresado es por persona que desarrolle actividad inherente al giro del establecimiento.,640,18.9
690,59,659909,"Holding de inversión, actividades de participación, renta y venta de acciones o títulos valores.",1825,27.8
691,59,659908,Intermediarios financieros que perciban comisiones u otras retribuciones análogas o porcentajes.,1140,27.8
692,59,652202.2,"Operaciones de préstamos que se efectúan a  Empresas Comerciales, Industriales, Agropecuarias o Servicios que no sean los otorgados por las entidades involucradas en los apartados anteriores. El mínimo expresado es por persona que desarrolle actividad inherente al giro del establecimiento.",635,44
693,59,659900,"Operaciones de préstamos y demás operaciones detalladas en el artículo 301 incisos 14, 15 y 16 del CTMV, efectuadas por asociaciones profesionales, Entidades Mutuales, gremiales o sindicales.",755,18.9
694,59,659890,Operaciones o préstamos no involucrados en los apartados anteriores,955,44
695,59,659990.1,Servicios de financiación y actividades financieras n.c.p.,1825,27.8
696,60,711400,Alquiler de automóviles sin chofer,575,9.3
697,60,712300,Alquiler de computadoras y sus equipos y máquinas de oficina cálculo y contabilidad,915,11.6
698,60,713009.1,Alquiler de cosas muebles n.c.p.,575,9.3
699,60,711200,"Alquiler de equipo de transporte para vía acuática, sin operarios ni tripulación",575,9.3
700,60,711300,"Alquiler de equipo de transporte para vía aérea, sin operarios ni tripulación",575,9.3
701,60,711100,"Alquiler de equipo de transporte para vía terrestre, sin operarios ni tripulación",575,9.3
702,60,713001,Alquiler de ropa en general (excepto ropa blanca),575,9.3
703,60,713009.2,"Alquiler de vajilla, mobiliario y elemento de fiesta",575,9.3
704,60,712902,Alquiler y arrendamiento de maquinaria petrolera y minera (sin personal),575,9.3
705,60,712100,Alquiler y arrendamiento de maquinaria y equipo agrícola (sin personal),575,9.3
706,60,712909.2,Alquiler y arrendamiento de maquinaria y equipo n.c.p.,575,9.3
707,60,712200,Alquiler y arrendamiento de maquinaria y equipo para la construcción y la industria (sin personal),575,9.3
708,60,712909.1,Alquiler y arrendamiento de máquinas para salones de entretenimientos,575,9.3
709,61,999999,Otras actividades n.c.p.,1140,12.7
710,62,633120.3,"Por cada espacio destinado a estacionamiento en la vía pública, otorgado por la Municipalidad de Córdoba bajo el régimen de concesión, ubicado dentro del perímetro señalado en el código 633120.1. El mínimo expresado es por espacio.",12,10.5
711,62,633120.4,"Por cada espacio destinado a estacionamiento en la vía pública, otorgado por la Municipalidad de Córdoba bajo el régimen de concesión, ubicado dentro del perímetro señalado en el código 633120.2. El mínimo expresado es por espacio.",4.7,10.5
712,62,633120.1,"Por cada espacio destinado a garajes, playas de estacionamiento, guardacoches, ubicados dentro del perímetro comprendido por las calles: Figueroa Alcorta, Marcelo T. de Alvear, Av. Pueyrredón, Manuel Estrada, Av. Poeta Lugones, Bv Perón, Sarmiento, Humberto Primo ambas aceras y ochavas. El mínimo expresado es por espacio.",180,42
713,62,633120.5,"Por cada espacio destinado a garajes, playas de estacionamiento, guardacoches, ubicados dentro del perímetro comprendido por las calles: Intendente Mestre (S), La Tablada, Oncativo, Bv. Guzmán, Bv. Mitre, Intendente Mestre (S), Rodriguez Peña, Mariano Moreno, Av. Pueyrredón, Escutti, Ayacucho, Duarte Quirós, Bolívar, 27 de Abril, Arturo M. Bas, Deán Funes, Fragueiro ambas aceras y ochavas, y los ubicados en Calles Jujuy, Sucre, Tucuman, Av. Gral. Paz, Rivera Indarte y San Martín, entre las calles Humberto Primo y La Tablada; en Calles San Martín, Salta, Pje. Scabuzzo; Maipú, Alvear y Rivadavia, Republica de Israel y San Martin, entre las calles Sarmiento y Oncativo; en Calles Fructuoso Rivera, Achaval Rodríguez y Laprida, entre calles Pje. Rafael Escuti y Marcelo T. de Alvear; en Calles San Luis, Montevideo y Bv. San Juan, entre calles Ayacucho y Marcelo T. de Alvear; Calle Dean Funes, entre A. M. Bas - Lavalleja y Marcelo T. de Alvear – Figueroa Alcorta; en Calle Lavalleja entre Deán Funes y Figueroa Alcorta; en Calles 9 de Julio, Av. Colón, Santa Rosa, La Rioja y Humberto Primo, entre calles Fragueiro y Figueroa Alcorta; y en Calle Pje. Comercio, entre La Rioja y Humberto Primo en ambas aceras. El mínimo expresado es por espacio.",100,31.5
714,62,633120.2,"Por cada espacio destinado a garajes, playas de estacionamiento, guardacoches, ubicados fuera del perímetro señalado en el código 633120.1 y 633120.5. El mínimo expresado es por espacio.",79,21
715,63,743000.2,Ejecución de trabajos de artículos publicitarios (diseño gráfico),575,11.6
716,63,743000.7,"Publicidad realizada por medio de carteles, pantallas y letreros electrónicos. El mínimo expresado corresponde al importe por metro cuadrado.",36,35
717,63,743000.5,"Publicidad realizada por medio de carteles, pantallas y paneles luminosos, iluminados, mecánicos, y/o por cualquier otro espacio publicitario. Con una superficie de 10,01 hasta 25 metros cuadrados por cartel o espacio publicitario. La cantidad de metros a declarar en éste subrubro, se refiere a la sumatoria de los metros cuadrados en uso de los carteles que se encuentran en esta categoría. El mínimo expresado corresponde al importe por metro cuadrado.",13,35
718,63,743000.4,"Publicidad realizada por medio de carteles, pantallas y paneles luminosos, iluminados, mecánicos, y/o por cualquier otro espacio publicitario. Con una superficie de 2,01 hasta 10 metros cuadrados por cartel o espacio publicitario. La cantidad de metros a declarar en este subrubro, se refiere a la sumatoria de los metros cuadrados en uso de los carteles que se encuentran en esta categoría. El mínimo expresado corresponde al importe por metro cuadrado.",10,35
719,63,743000.3,"Publicidad realizada por medio de carteles, pantallas y paneles luminosos, iluminados, mecánicos, y/o por cualquier otro espacio publicitario. Con una superficie de hasta 2 metros cuadrados por cartel o espacio publicitario. La cantidad de metros a declarar en este subrubro, se refiere a la sumatoria de los metros cuadrados en uso de los carteles que se encuentran en esta categoría. El mínimo expresado corresponde al importe por metro cuadrado.",8,35
720,63,743000.6,"Publicidad realizada por medio de carteles, pantallas y paneles luminosos, iluminados, mecánicos, y/o por cualquier otro espacio publicitario. Con una superficie de más de 25 metros cuadrados por cartel o espacio publicitario. La cantidad de metros a declarar en este subrubro, se refiere a la sumatoria de los metros cuadrados en uso de los carteles que se encuentran en esta categoría. El mínimo expresado corresponde al importe por metro cuadrado.",19,35
721,63,743000.1,Servicios de publicidad,1460,14
722,64,502300,"Instalación y reparación de lunetas y ventanillas, sistema de climatización, grabado de cristales de automotores, polarizados,",455,7
723,64,502700,Lavadero de autos,455,7
724,64,505000.1,Lubricentros,575,7.4
725,64,502920,Mantenimiento y reparación de frenos de automotores,455,7
726,64,502220,"Reparación de automotores y motocicletas (amortiguadores, alineación de dirección, balanceo de ruedas, llantas)",455,7
727,64,502990,"Reparación de automotores y motocicletas (motores y mecánica integral; incluidos carburador, radiador,  y Servicio de Auxilio y Remolque de automotores). Incluye instalación de equipos de G.N.C.",455,7.6
728,64,504020,Reparación de bicicletas y rodados infantiles,455,7
729,64,502500,"Reparaciones eléctricas de automotores (incluyendo tableros, instrumental y reparación o recarga de baterías)",455,7
730,64,502921,Servicio de cerrajería,455,7
731,64,502400.2,Servicio de tapicería (excluido p/automotores),575,7
732,64,502600,Taller de chapa y pintura de automotores,455,7
733,64,502210,Taller de gomería. Incluye las que poseen anexos de recapados,455,7
734,64,502400.1,Tapizado y retapizado de automotores,455,7
735,65,526200,Reparación de aparatos eléctricos de uso doméstico y personal,575,7
736,65,526100,Reparación de calzado y otros artículos de cuero,385,7
737,65,526909.2,Reparación de muebles de madera (carpintería de madera),575,7
738,65,526909.1,Reparación de muebles metálicos (carpintería),575,7
739,65,526901,Reparación de relojes y joyas,575,7
740,65,526909.4,Reparaciones de armas de fuego,575,7
741,65,526909.3,Reparaciones y afinaciones de instrumentos musicales,575,7
742,65,526201,Reparación y mantenimiento de ascensores,575,7
743,65,526909.5,Servicio de reparación n.c.p.,575,7
744,66,662040,Agente de seguros y servicios relacionados con seguros n.c.p.,650,13.7
745,66,662030,Aseguradora de riesgo de trabajo (A.R.T.),755,15.8
746,66,662020,"Seguros (Cooperativa, Mutual y compañía privada). Reaseguros. El mínimo expresado es por persona que desarrolle actividad inherente al giro del establecimiento.",635,15.8
747,67,552114.13,"Bar, confiterías, pizzerías, lomiterías, empanaderías, parrilla, trattoría, y restaurantes con una superficie habilitada de mas de 300 m2. Ubicados dentro del perímetro comprendido por las calles: Bv. Illia, Tránsito Cáceres de Allende, Av. Poeta Lugones, Bv. Chacabuco, Bolivia, Ituzaingo, Venezuela, Richardson, Av. Vélez Sarsfield, Av. Pueyrredón, Av. Marcelo T. De Alvear, Bv San Juan, ambas aceras y ochavas.",5090,22
748,67,552114.11,"Bar, confiterías, pizzerías, lomiterías, empanaderías, parrilla, trattoría, y restaurantes con una superficie habilitada desde 101 m2 hasta 200 m2. Ubicados dentro del perímetro comprendido por las calles: Bv. Illia, Tránsito Cáceres de Allende, Av. Poeta Lugones, Bv. Chacabuco, Bolivia, Ituzaingo, Venezuela, Richardson, Av. Vélez Sarsfield, Av. Pueyrredón, Av. Marcelo T. De Alvear, Bv San Juan, ambas aceras y ochavas.",2705,22
749,67,552114.12,"Bar, confiterías, pizzerías, lomiterías, empanaderías, parrilla, trattoría, y restaurantes con una superficie habilitada desde 201 m2 hasta 300 m2. Ubicados dentro del perímetro comprendido por las calles: Bv. Illia, Tránsito Cáceres de Allende, Av. Poeta Lugones, Bv. Chacabuco, Bolivia, Ituzaingo, Venezuela, Richardson, Av. Vélez Sarsfield, Av. Pueyrredón, Av. Marcelo T. De Alvear, Bv San Juan, ambas aceras y ochavas.",4060,22
750,67,552114.1,"Bar, confiterías, pizzerías, lomiterías, empanaderías, parrilla, trattoría, y restaurantes con una superficie habilitada hasta 100 m2. Ubicados dentro del perímetro comprendido por las calles: Bv. Illia, Tránsito Cáceres de Allende, Av. Poeta Lugones, Bv. Chacabuco, Bolivia, Ituzaingo, Venezuela, Richardson, Av. Vélez Sarsfield, Av. Pueyrredón, Av. Marcelo T. De Alvear, Bv San Juan, ambas aceras y ochavas.",1585,22
751,67,552114.9,"Bar, confiterías, pizzerías, lomiterías, empanaderías, parrilla, trattoría y restaurantes. Ubicados dentro de shoppings, grandes centros comerciales y patios de comida.",1515,15.8
752,67,552115.2,"Bar con música, sin espectáculo público, instalado dentro del perímetro y tramos establecidos por el Art. 157° de la presente.",3395,22
753,67,552115.1,"Bar con música, sin espectáculo público, instalado fuera del perímetro y tramos establecidos por el Art. 157° de la presente.",2260,22
754,67,552271,Heladeras en la vía pública,575,7
755,67,552120,Heladería,575,7
756,67,552114.8,"- Perímetro comprendido por las calles Av. Marcelo T. De Alvear, Av. Figueroa Alcorta; Humberto Primero, Sarmiento, Av. Maipú, Chacabuco, Corrientes y Av. Duarte Quirós, ambas aceras y ochavas, y los ubicados en Calles Chacabuco,  Ituzaingó, Buenos Aires e Independencia, entre las calles Bv. Arturo Illia y Corrientes, en ambas aceras; en Calles Independencia, Obispo Trejo, Av. Vélez Sarsfield y Marcelo T de Alvear, entre las calles Bv. San Juan y Av. Duarte Quirós, en ambas aceras.
- Perímetro comprendido por las calles: Rodríguez Peña; Isabel La Católica, Jujuy, Jerónimo Cortez, Fragueiro, Jerónimo Luis de Cabrera,  Lavalleja, Faustino Allende, ambas aceras y ochavas.
- Perímetro comprendido por las calles: Catamarca, Viamonte, 25 De Mayo y Ovidio Lagos, ambas aceras y ochavas.
- Sobre Avenida Rafael Nuñez entre el Nº 3700 hasta el Nº 5000, ambas aceras y ochavas.
- Sobre Av. Del Dante, ambas aceras y ochavas.
- Sobre Av. Concepción Arenales, ambas aceras y ochavas.",2440,15.8
757,67,552210,"Provisión de comidas preparadas, racionamiento de alimentos en cocido (incluye el servicio de catering, el suministro de confituras y comidas para banquetes, bodas, fiestas y otras celebraciones).",575,10.5
758,67,701010.1,Salón de Fiestas (expendio de confituras y comidas para consumo en el lugar),575,8.4
759,67,701010.2,Salón de Fiestas Infantiles con expendio de confituras y comidas,575,7
760,67,552290.3,"Sandwichería, elaboración y ventas por menor, sin servicios de mesas",575,8.4
761,67,552290.1,"Servicios de elaboración propia o por terceros y venta para llevar y entrega a domicilio de alimentos perecederos calientes, fríos o congelados, sin sucursales, con superficie habilitada de hasta 50 m2",385,7
762,67,552290.4,"Servicios de elaboración propia o por terceros y venta para llevar y entrega a domicilio de alimentos perecederos calientes, fríos o congelados, sin sucursales, con superficie habilitada de hasta 50 m2. Ubicados dentro del perímetro comprendido por las calles: Bv. San Juan, Bv. Illía, Tránsito Cáceres de Allende, Av. Poeta Lugones, Bv. Chacabuco, Bolivia, Ituzaingó, Venezuela, Richardson, Av. Vélez Sársfield, Av. Pueyrredón, Marcelo T. De Alvear.",1585,8.4
763,67,552290.2,"Servicios de elaboración propia o por terceros y venta para llevar y entrega a domicilio de alimentos perecederos calientes, fríos o congelados, sin sucursales, con superficie habilitada de más de 50 m2",575,7
764,67,552290.5,"Servicios de elaboración propia o por terceros y venta para llevar y entrega a domicilio de alimentos perecederos calientes, fríos o congelados, sin sucursales, con superficie habilitada de más de 50 m2. Ubicados dentro del perímetro comprendido por las calles: Bv. San Juan, Bv. Illía, Tránsito Cáceres de Allende, Av. Poeta Lugones, Bv. Chacabuco, Bolivia, Ituzaingó, Venezuela, Richardson, Av. Vélez Sársfield, Av. Pueyrredón, Marcelo T. De Alvear.",2260,8.4
765,67,552290.6,"Servicios de elaboración propia y venta de milanesas, sin sucursales, con superficie habilitada de hasta 50 m2.",385,7
766,68,552114.6,"- Perímetro comprendido por las calles Av. Marcelo T. De Alvear, Av. Figueroa Alcorta; Humberto Primero, Sarmiento, Av. Maipú, Chacabuco, Corrientes y Av. Duarte Quirós, ambas aceras y ochavas, y los ubicados en Calles Chacabuco,  Ituzaingó, Buenos Aires e Independencia, entre las calles Bv. Arturo Illia y Corrientes, en ambas aceras; en Calles Independencia, Obispo Trejo, Av. Vélez Sarsfield y Marcelo T de Alvear, entre las calles Bv. San Juan y Av. Duarte Quirós, en ambas aceras.
- Perímetro comprendido por las calles: Rodríguez Peña; Isabel La Católica, Jujuy, Jerónimo Cortez, Fragueiro, Jerónimo Luis de Cabrera,  Lavalleja, Faustino Allende, ambas aceras y ochavas.
- Perímetro comprendido por las calles: Catamarca, Viamonte, 25 De Mayo y Ovidio Lagos, ambas aceras y ochavas.
- Sobre Avenida Rafael Nuñez entre el Nº 3700 hasta el Nº 5000, ambas aceras y ochavas.
- Sobre Av. Del Dante, ambas aceras y ochavas.
- Sobre Av. Concepción Arenales, ambas aceras y ochavas.",1640,15.8
767,69,552114.7,"- Perímetro comprendido por las calles Av. Marcelo T. De Alvear, Av. Figueroa Alcorta; Humberto Primero, Sarmiento, Av. Maipú, Chacabuco, Corrientes y Av. Duarte Quirós, ambas aceras y ochavas, y los ubicados en Calles Chacabuco,  Ituzaingó, Buenos Aires e Independencia, entre las calles Bv. Arturo Illia y Corrientes, en ambas aceras; en Calles Independencia, Obispo Trejo, Av. Vélez Sarsfield y Marcelo T de Alvear, entre las calles Bv. San Juan y Av. Duarte Quirós, en ambas aceras.
- Perímetro comprendido por las calles: Rodríguez Peña; Isabel La Católica, Jujuy, Jerónimo Cortez, Fragueiro, Jerónimo Luis de Cabrera, Lavalleja, Faustino Allende, ambas aceras y ochavas.
- Perímetro comprendido por las calles: Catamarca, Viamonte, 25 De Mayo y Ovidio Lagos, ambas aceras y ochavas.
- Sobre Avenida Rafael Nuñez entre el Nº 3700 hasta el Nº 5000, ambas aceras y ochavas.
- Sobre Av. Del Dante, ambas aceras y ochavas.
- Sobre Av. Concepción Arenales, ambas aceras y ochavas.",2055,15.8
768,70,552114.5,"- Perímetro comprendido por las calles Av. Marcelo T. de Alvear, Av. Figueroa Alcorta; Humberto Primero, Sarmiento, Av. Maipú, Chacabuco, Corrientes y Av. Duarte Quirós, ambas aceras y ochavas, y los ubicados en Calles Chacabuco, Ituzaingó, Buenos Aires e Independencia, entre las calles Bv. Arturo Illia y Corrientes, en ambas aceras; en Calles Independencia, Obispo Trejo y Av. Vélez Sarsfield y Marcelo T. de Alvear,  entre las calles Bv. San Juan y Av. Duarte Quirós, en ambas aceras.
- Perímetro comprendido por las calles: Rodríguez Peña; Isabel La Católica, Jujuy, Jerónimo Cortez, Fragueiro, Jerónimo Luis de Cabrera,  Lavalleja, Faustino Allende, ambas aceras y ochavas.
- Perímetro comprendido por las calles: Catamarca, Viamonte, 25 De Mayo y Ovidio Lagos, ambas aceras y ochavas.
- Sobre Avenida Rafael Nuñez entre el Nº 3700 hasta el Nº 5000,  ambas aceras y ochavas.
- Sobre Av. Del Dante, ambas aceras y ochavas.
- Sobre Av. Concepción Arenales, ambas aceras y ochavas.",1230,15.8
769,71,552114.4,"Bar, confiterías, pizzerías, lomiterías, empanaderías, parrilla, trattoría y restaurantes con una superficie habilitada de más de 300 m2",1355,8.4
770,71,552114.2,"Bar, confiterías, pizzerías, lomiterías, empanaderías, parrilla, trattoría y restaurantes con una superficie habilitada desde 101 m2 a 200 m2",915,8.4
771,71,552114.3,"Bar, confiterías, pizzerías, lomiterías, empanaderías, parrilla, trattoría y restaurantes con una superficie habilitada desde 201 m2 a 300 m2",1140,8.4
772,71,552114.1,"Bar, confiterías, pizzerías, lomiterías, empanaderías, parrilla, trattoría y restaurantes con una superficie habilitada hasta 100 m2",690,8.4
773,72,801000.4,Enseñanza privada (otras),575,7
774,72,801000.3,Enseñanza privada (únicamente planes oficiales),575,7
775,72,809000.3,Escuela de conductores,575,7
776,72,801000.1,Escuela de enseñanza privada pre-primaria,575,7
777,72,801000.2,Escuela de enseñanza privada. Primaria (EGB),575,7
778,72,802100.1,Escuela de enseñanza privada. Secundaria (Polimodal),575,7
779,72,802100.2,Escuela de enseñanza privada. Terciaria,575,7
780,72,809000.4,Escuela de natación,575,7
781,72,809000.5,Escuela de yoga terapia,575,7
782,72,809000.2,Escuela para discapacitados mentales y físicos,575,7
783,72,809000.1,Instituto de enseñanza,575,7
784,72,801090,Jardín de infantes primer ciclo. Guardería,575,7
785,72,801040,Jardín de infantes segundo ciclo,575,7
786,73,809050,Servicios de acceso a navegación y otros canales de uso de internet. Entretenimientos,39.5,10.5
787,72,803200,Universidad privada,575,7
788,74,924922,"Hasta 5 juegos
De 6 a 10 juegos
De 11 a 20 juegos
De 21 a 33 juegos
Más de 33 juegos; por juego.",1980,31.5
789,74,924990,Sala de entretenimiento,725,10.5
790,74,924992,"Servicio de diversión. Alquiler de botes, kayaks, bicicletas para el agua",575,10.5
791,75,551222.8,"Alojamiento y/o alquiler temporario de departamentos, casas amobladas y/o similar. El mínimo expresado es por cada departamento y/o habitación.",425,10.5
792,75,551229.4,"Appart-hotel, por unidad, departamento y casa. El mínimo expresado es por cada uno.",160,10.5
793,75,551210,"Casas amuebladas o alojamiento por hora; el importe mínimo a tributar por mes por las actividades comprendidas en el presente código, surgirá de multiplicar la tarifa más alta fijada en el mes para el turno de 2 hs. por la cantidad de habitaciones construidas por el coeficiente 3. El régimen de tarifas que establezcan las casas amuebladas o alojamiento por hora deberá comunicarse a la Dirección General de Recursos tributarios con 10 días de anticipación y bajo declaración jurada especificando las tarifas de los distintos turnos incluido el de 2 hs. y el número de cada una de las habitaciones sujetas a las mismas. Las tarifas incluidas en la declaración jurada deberán exhibirse al usuario en el interior de la habitación mediante impresos avisados por la Dirección General de Recursos Tributarios. Cuando no se estableciera tarifa para los turnos de 2 hs. la Dirección General de Recursos Tributarios determinará su equivalente.",5630,26.3
794,75,551222.5,Hostería categoría 2 y 1 estrellas. El mínimo expresado es por cada habitación.,48,10.5
795,75,551222.4,Hostería categoría 3 estrellas. El mínimo expresado es por cada habitación.,61,10.5
796,75,551222.7,Hotel categoría 1 estrella. El mínimo expresado es por cada habitación.,51,10.5
797,75,551222.3,Hotel categoría 2 estrellas. El mínimo expresado es por cada habitación.,61,10.5
798,75,551222.6,Hotel categoría 3 estrellas. El mínimo expresado es por cada habitación.,79,10.5
799,75,551222.2,Hotel categoría 4 estrellas. El mínimo expresado es por cada habitación.,110,10.5
800,75,551222.1,Hotel categoría 5 estrellas. El mínimo expresado es por cada habitación.,146,10.5
801,75,551229.2,Motel categoría 1 y 2 estrellas. El mínimo expresado es por cada habitación.,120,10.5
802,75,551229.1,Motel categoría 3 estrellas. El mínimo expresado es por cada habitación.,160,10.5
803,75,551229.3,"Residenciales, hospedajes y otros lugares de alojamiento sin discriminar rubros, no clasificados en otra parte. El mínimo expresado es por cada habitación.",50,10.5
804,76,924920.2,"Cancha de bowling y minigolf, por cada una",385,12.6
805,76,921990.2,"Centros de entretenimiento familiar, entendiendo por tales aquellos establecimientos con juegos de parque, mecánicos, electrónicos o similares que posean menos del 30% de los mismos en calidad de videojuegos",900,18.9
806,76,924110.1,Club social y deportivo,575,10.5
807,76,921981,Ferias y exposiciones,690,10.5
808,76,924110.8,Gimnasios,575,10.5
809,76,921989,Jardín zoológico.,575,10.5
810,76,924920.1,"Juego de pool, minipool y otros juegos de mesa y por cada mesa",385,12.6
811,76,921990.1,"Juegos Mecánicos, con capacidad mayor a 2 personas
El mínimo expresado es por cada juego.",495,15.8
812,76,924110.7,Natatorios,575,10.5
813,76,921982,Ocupantes de stands o puestos de venta en eventos temporales o transitorios pagaran por día y por anticipado el mínimo expresado.,265,0
814,76,921993,"Otros servicios de esparcimiento, ubicados dentro del perímetro comprendido por las calles Bv. San Juan, Bv. Illia, Tránsito Cáceres de Allende, Av. Poeta Lugones, Bv. Chacabuco, Bolivia, Ituzaingó, Venezuela, Richardson, Av. Vélez Sársfield, Av. Pueyrredón, Marcelo T de Alvear .",7515,18.9
815,76,921912,Por cada cabina individual de exhibición condicionada.,1825,10.5
816,76,924120,Producción de espectáculos deportivos,575,10.5
817,76,924920.3,Salón de juegos infantiles,575,10.5
818,76,924110.6,Servicio de práctica deportiva n.c.p.,575,10.5
819,76,924110.3,Servicio de prácticas deportivas. Canchas de fútbol,575,10.5
820,76,924110.4,Servicio de prácticas deportivas. Canchas de golf,1140,10.5
821,76,924110.2,"Servicio de prácticas deportivas, canchas de paddle y tenis",575,10.5
822,76,924110.5,Servicio de prácticas deportivas. Polígonos de tiro,575,10.5
823,76,921983,Servicios de diversión prestados en bares nocturnos.,4510,14
824,76,921990,Servicios de diversión y esparcimiento n.c.p.,4060,10.5
825,77,930100.2,Lavandería automática. Alquiler de máquinas lavadoras y secadoras de ropa en general,385,7
826,77,930100.3,Receptoría de lavandería tintorería,650,7
827,77,930100.1,Tintorería,575,7
828,78,900010.1,Servicio de recolección y transporte de residuos convencionales (domiciliarios - orgánicos e inorgánicos reciclables - generados por actividad comercial o industrial que no deriven de procesos productivos),575,7
829,78,900010.2,Servicio de recolección y transporte de residuos no convencionales (industriales – peligrosos),575,7.4
830,78,900010.3,Servicio de recolección y transporte de residuos no convencionales (patógenos),575,7.4
831,78,900010.4,Servicio de recolección y transporte de residuos no convencionales (restos de obras y demoliciones),575,7.4
832,78,900020,"Servicios de depuración de aguas residuales, alcantarillado y cloacas",575,7
833,78,900090,Servicios de saneamiento n.c.p.,575,7
834,79,749400.1,Estudio fotográfico. Laboratorio,900,11.6
835,79,749400.2,Estudios fotográficos. Fotografía comercial,900,11.6
836,79,749910.1,Servicio de Consultaría en Informática y suministro programas de informática (software),1140,16.8
837,79,749600,Servicio de fotocopiado. Fotocopiadoras,575,7.6
838,79,749910.3,Servicio de Informática n.c.p.,1140,16.8
839,79,749300,Servicio de limpieza,1140,16.8
840,79,911004,"Servicio de logística, conservación  y/o depósito de alimentos y/o bebidas.",1140,12
841,79,911003,"Servicio de logística, guarda y custodia de archivos.",1140,12
842,79,749800,Servicio de mantenimiento de espacios verdes. Parquización.,1140,15.8
843,79,743009,Servicio de mensajería y cadetería,575,12.1
844,79,743002,Servicio de oficina de cobranzas,575,13.7
845,79,749700,"Servicio de organización integral de eventos y servicios conexos propios (catering, propalación, )",1140,16.8
846,79,749910.2,Servicio de Procesamiento de datos y/o relacionados con base de datos,1140,16.8
847,79,749290,Servicio de seguridad,1140,16.8
848,79,749910,Servicio de Web Hosting,1140,16.8
849,79,749930,"Servicios brindados para terceros por call center, contact center, y Atención al Cliente. Servicios brindados mediante tecnología perteneciente al área de comunicaciones. Se incluyen todos los servicios relacionados con el asesoramiento y auxilio técnico de venta de productos y servicios y de captura, procesamiento y comunicación de transacciones nacionales e internacionales",840,15.3
850,79,911002,Servicios de gestión y administración de fideicomisos.,1140,16.8
851,79,911000,Servicios prestados a las empresas no clasificados en otra parte,1140,16.8
852,79,911001,"Servicios prestados a las empresas por profesionales liberales organizados en forma de sociedad regulada por ley, o cuando posean sucursal",1520,16.8
853,79,749210,"Transporte de valores, documentación y similares",1140,12.1
854,80,930102,Cámaras frigoríficas y lugares destinados a la conservación de pieles.,1140,15.8
855,80,930990.5,Cama solar,900,8.4
856,80,930202.2,Cosmetología,460,8.4
857,80,930202.5,Depilación,460,8.4
858,80,930990.3,Distribución de gacetillas,460,8.4
859,80,930300.1,Empresa de pompas fúnebres (cochería servicios fúnebres),690,8.4
860,80,930300.2,Empresa de pompas fúnebres (servicios por abono),690,8.4
861,80,930910,Instituto de higiene y estética corporal,460,8.4
862,80,930202.3,Manicura,385,8.4
863,80,930202.4,Pedicura,385,8.4
864,80,852000.2,Peluquería canina,575,7
865,80,930201.2,Peluquerías instaladas dentro del perímetro y tramos establecidos por el Art. 157° de la presente,575,7
866,80,930201.1,Peluquerías instaladas fuera del perímetro y tramos establecidos por el Art. 157° de la presente,460,7
867,80,809091.2,Profesional independiente Colegiado.,0,0
868,80,809091.3,Profesional independiente No Colegiado.,0,0
869,80,930103,"Rematadoras y sociedades dedicadas al remate que no sean remates-ferias, excepto de arte",1140,21
870,80,930300.3,Salas velatorias,690,8.4
871,80,930202.1,Salón de belleza,460,8.4
872,80,930990.1,Servicios de agencias de matrimonio,460,8.4
873,80,930990.2,Servicios de gestoría del automotor,460,8.4
874,80,852000.1,Servicios de guardería de animales (excepto caballerizas y studs),575,7
875,80,852000.4,Servicios médicos para animales,575,7
876,80,930990.4,Servicios personales diversos n.c.p.,460,8.4
877,80,809090,Servicios prestados al público no clasificados en otra parte,575,7
878,80,809092,Servicios prestados por monotributistas de manera habitual al Estado Municipal.,240,7
879,80,809093,Servicios prestados por monotributistas de manera no habitual al Estado Municipal.,290,16
880,80,809091,"Servicios prestados por profesionales en el ejercicio individual de su profesión, organizados en forma de sociedad regulada por ley, o cuando posean sucursal.",630,7
881,80,852000.3,Servicios profesionales relacionados con la agronomía (sociedad de profesionales),575,7
882,81,851120.1,"Geriátricos, hogares de día, residencias de adultos mayores y similares.",575,7
883,81,851300.1,Mecánico dental,575,7
884,81,851700.2,Obras Sociales por Servicios relacionados con la salud humana – Afiliados Adherentes. El mínimo expresado corresponde a cada afiliado.,9.5,7
885,81,851700.1,Obras Sociales por Servicios relacionados con la salud humana – Afiliados dentro de marco legal obligatorio.,0,0
886,81,851210,"Servicios de atención ambulatoria. (Incluye las actividades de consultorios médicos de establecimientos sin internación, consultorios de guardia para resolver urgencias médicas, vacunatorios, centros del primer nivel de atención,  Los servicios de cirugía ambulatoria, tales como cirugía plástica, oftalmológica, artroscopia, electrocoagulación, lipoaspiración).",575,7
887,81,851220,Servicios de atención domiciliaria programada. (Incluye las actividades llevadas a cabo en establecimientos que ofrecen atención por módulos a domicilio y actividades de agentes sanitarios relacionados con la prevención y educación para la salud).,575,7
888,81,851400,"Servicios de diagnósticos. (Incluye las actividades de laboratorios de análisis clínicos y patológicos, centros de diagnóstico por imágenes, centros de endoscopía, de electrodiagnóstico, consultorios de hemodinamia)",575,7
889,81,851600,Servicios de emergencias y traslados,575,7
890,81,851120.2,"Servicios de hospital de día. (Incluye las actividades de tratamiento que no necesitan hospitalización a tiempo completo, tales como tratamientos oncológicos; infectológicos; dialíticos; atención de la salud mental; atención pediátrica; atención gerontológica)",575,7
891,81,851110,Servicios de internación,575,7
892,81,851800,Servicios de Medicina Laboral,890,8.4
893,81,851500,"Servicios de tratamiento. (Incluye las actividades de centros de cobaltoterapia, de radiología convencional, de acelerador lineal de rehabilitación física, de psicoterapia, de hemoterapia, de rehabilitación psíquica, unidades de hemodiálisis, centros de medicina nuclear)",575,7
894,81,851190,Servicios hospitalarios n.c.p.,575,7
895,81,851300,Servicios odontológicos.,575,7
896,81,851900,Servicios relacionados con la salud humana n.c.p.,575,7
897,82,713009.3,Alquiler de video películas y video juegos,575,7
898,82,921420,Autores compositores y artistas,385,7
899,82,921200.2,"Cinematógrafos, con más de dos salas de exhibición",2260,13.7
900,82,921200.1,Cines. Exhibición de películas cinematográficas (excepto condicionadas),2260,13.7
901,82,921200.3,Cines. Exhibición de películas condicionadas,5630,52.5
902,82,921220,Despachante de aduana y balanceadores,690,12.6
903,82,921120,Distribución y alquiler de películas cinematográficas,2260,7
904,82,921301,Emisora y productora de radio de AM,1140,7
905,82,921302,Emisora y productora de radio de FM,1140,7
906,82,921130,Laboratorios cinematográficos,2260,7
907,82,921110,Producción de películas cinematográficas y de televisión,2260,7
908,82,921430,Servicios relacionados con espectáculos teatrales - por honorarios y comisiones,385,7
909,82,921410,Teatro. Espectáculos teatrales y musicales,385,7
910,83,701090.4,"Administración de Consorcios, Urbanizaciones Residenciales Especiales, Barrios Cerrados y similares",690,8.4
911,83,701090.2,"Administración, locación, sublocación de inmuebles de terceros.",690,10.5
912,83,702000.1,Compra Venta de Bienes Inmuebles,6010,10.5
913,83,701090.3,"Locación de bienes inmuebles propios – Excepto locación temporaria con fines turísticos, descanso o similares de la Ley Nacional Nº 27.221.",690,10.5
914,83,701090.1,Venta de inmuebles Propios,690,9.9
915,84,632003,Agencias aéreas. Servicios conexos propios,705,7
916,84,632004,Agencias aéreas. Servicios por comisión,705,15.8
917,84,634110,Agencias de turismo y servicios conexos (por comisiones),705,15.8
918,84,634100,Agencias de turismo y servicios conexos propios,705,7
919,84,633110,Peajes,11260,7
920,84,633190,Servicios complementarios para el transporte terrestre n.c.p.,705,7
921,84,635000,Servicios de gestión y logística para el transporte de mercaderías (incluye agentes de carga internacional),705,12.6
922,84,633390,Servicios relacionados con el transporte aéreo n.c.p.,705,7
923,85,622001,Servicios de explotación en terminal aeroportuaria,4210,8
924,85,622000,"Transporte aéreo, de pasajeros y cargas",11260,7.4
925,86,602110,Servicio de mudanzas,575,7
926,86,602220,Servicio de radiotaxi,1825,10.5
927,86,602190,"Transporte automotores de carga y encomienda a corta, media y larga distancia",1140,7.9
928,86,602250,Transporte de pasajeros de larga distancia,575,2
929,86,602220.1,Transporte de pasajeros por Remises. La agencia tributará,1825,10.5
930,86,602230,Transporte escolar,415,2
931,86,601100,Transporte ferroviario,11260,2
932,86,602210.2,Transporte interurbano de pasajeros,4510,2
933,86,603100,Transporte por oleoductos y gasoductos,575,7
934,86,602240,"Transporte privado n.c.p. (excepto taxis, remis, transporte escolar, alquiler de auto)",705,8
935,86,602180,Transporte urbano de cargas n.c.p. (incluye fletes),575,7
936,86,602210.1,Transporte urbano de pasajeros,5260,2
